"Epd_id";"Gene_Name";"Description";"Species";"Thich_Region";"Sequence";"Epd_Link"
"AAC1_1";"AAC1";"Mitochondrial inner membrane ADP/ATP translocator; exchanges cytosolic ADP for mitochondrially synthesized ATP; phosphorylated; Aac1p is a minor isoform while Pet9p is the major ADP/ATP translocator; relocalizes from mitochondrion to cytoplasm upon DNA replication stress";"Saccharomyces cerevisiae (baking yeast)";"AAGCCAAGGCA";"tcctgaaacggtatgaacatgttattattcctgtaaccgtgaaataggcAAGCCAAGGCA";"https://epd.vital-it.ch/cgi-bin/get_doc?db=scEpdNew&format=genome&entry=AAC1_1"
"ACO2_1";"ACO2";"Putative mitochondrial aconitase isozyme; similarity to Aco1p, an aconitase required for the TCA cycle; expression induced during growth on glucose, by amino acid starvation via Gcn4p, and repressed on ethanol";"Saccharomyces cerevisiae (baking yeast)";"AAGAGCAATAA";"cgcacttgcaaaaataagaattttcgactttctttaaacataaaactctAAGAGCAATAA";"https://epd.vital-it.ch/cgi-bin/get_doc?db=scEpdNew&format=genome&entry=ACO2_1"
"Acta2_1";"Acta2";"actin, alpha 2, smooth muscle, aorta";"Rattus Norvegicus (rat)";"AGACACCACCC";"aggggatcagaccagggggctatataacccttcagcattcagcctccccAGACACCACCC";"https://epd.vital-it.ch/cgi-bin/get_doc?db=scEpdNew&format=genome&entry=Acta2_1"
"ACTC1_1";"ACTC1";"actin, alpha, cardiac muscle 1";"Homo sapiens (Human)";"AGAGCCCGCTG";"ccctgtccatcagcgttctataaagcggccctcctggagccagccacccAGAGCCCGCTG";"https://epd.vital-it.ch/cgi-bin/get_doc?db=scEpdNew&format=genome&entry=ACTC1_1"
"ADH1_1";"ADH1";"Alcohol dehydrogenase; fermentative isozyme active as homo- or heterotetramers; required for the reduction of acetaldehyde to ethanol, the last step in the glycolytic pathway; ADH1 has a paralog, ADH5, that arose from the whole genome duplication";"Saccharomyces cerevisiae (baking yeast)";"AAGCTATACCA";"attgttctcgttccctttcttccttgtttctttttctgcacaatatttcAAGCTATACCA";"https://epd.vital-it.ch/cgi-bin/get_doc?db=scEpdNew&format=genome&entry=ADH1_1"
"ADH2_1";"ADH2";"Glucose-repressible alcohol dehydrogenase II; catalyzes the conversion of ethanol to acetaldehyde; involved in the production of certain carboxylate esters; regulated by ADR1";"Saccharomyces cerevisiae (baking yeast)";"AAGCTACAAAA";"ctcttgttgtttttatcacttcttgtttcttcttggtaaatagaatatcAAGCTACAAAA";"https://epd.vital-it.ch/cgi-bin/get_doc?db=scEpdNew&format=genome&entry=ADH2_1"
"ADP1_1";"ADP1";"Putative ATP-dependent permease of the ABC transporter family";"Saccharomyces cerevisiae (baking yeast)";"ATCTGTGCGTC";"cttactcacgagtaattcttgcaaatgcctattatgcagatgttataatATCTGTGCGTC";"https://epd.vital-it.ch/cgi-bin/get_doc?db=scEpdNew&format=genome&entry=ADP1_1"
"AGA1_1";"AGA1";"Anchorage subunit of a-agglutinin of a-cells; highly O-glycosylated protein with N-terminal secretion signal and C-terminal signal for addition of GPI anchor to cell wall, linked to adhesion subunit Aga2p via two disulfide bonds; AGA1 has a paralog, FIG2, that arose from the whole genome duplication";"Saccharomyces cerevisiae (baking yeast)";"AAGCGCAGAAT";"agcgactatcgcaaataagcagttcccagcaagcaattaaaacgtatatAAGCGCAGAAT";"https://epd.vital-it.ch/cgi-bin/get_doc?db=scEpdNew&format=genome&entry=AGA1_1"
"ALD2_1";"ALD2";"Cytoplasmic aldehyde dehydrogenase; involved in ethanol oxidation and beta-alanine biosynthesis; uses NAD+ as the preferred coenzyme; expression is stress induced and glucose repressed; very similar to Ald3p";"Saccharomyces cerevisiae (baking yeast)";"GTGAAAATAAG";"tttggcccattcctatcatttttacattgcatgtccatcaaaaacaatcGTGAAAATAAG";"https://epd.vital-it.ch/cgi-bin/get_doc?db=scEpdNew&format=genome&entry=ALD2_1"
"ANB1_1";"ANB1";"Translation elongation factor eIF-5A; previously thought to function in translation initiation; undergoes an essential hypusination modification; expressed under anaerobic conditions; ANB1 has a paralog, HYP2, that arose from the whole genome duplication";"Saccharomyces cerevisiae (baking yeast)";"ATACACCTATT";"ctttagttcccttaccttgttcctaattattgtctagcaaaaagaaaacATACACCTATT";"https://epd.vital-it.ch/cgi-bin/get_doc?db=scEpdNew&format=genome&entry=ANB1_1"
"APL1_1";"APL1";"Beta-adaptin; large subunit of the clathrin associated protein complex (AP-2); involved in vesicle mediated transport; similar to mammalian beta-chain of the clathrin associated protein complex";"Saccharomyces cerevisiae (baking yeast)";"AAGAACATTCA";"tcgcagcctggaaacagaattaatctactgcacaagaagggaatacagcAAGAACATTCA";"https://epd.vital-it.ch/cgi-bin/get_doc?db=scEpdNew&format=genome&entry=APL1_1"
"AQR1_1";"AQR1";"Plasma membrane transporter of the major facilitator superfamily; member of the 12-spanner drug:H(+) antiporter DHA1 family; confers resistance to short-chain monocarboxylic acids and quinidine; involved in the excretion of excess amino acids; AQR1 has a paralog, QDR1, that arose from the whole genome duplication; relocalizes from plasma membrane to cytoplasm upon DNA replication stress";"Saccharomyces cerevisiae (baking yeast)";"ATGGATTTTTC";"cactttttactaactttttattgctaatattgtcgttctatataaaattATGGATTTTTC";"https://epd.vital-it.ch/cgi-bin/get_doc?db=scEpdNew&format=genome&entry=AQR1_1"
"ASG7_1";"ASG7";"Protein that regulates signaling from G protein beta subunit Ste4p; contributes to relocalization of Ste4p within the cell; specific to a-cells and induced by alpha-factor";"Saccharomyces cerevisiae (baking yeast)";"AAGGAATATAC";"aaacgtaattaccgcatcgggaaatttacatgttaactgcaatgaaaacAAGGAATATAC";"https://epd.vital-it.ch/cgi-bin/get_doc?db=scEpdNew&format=genome&entry=ASG7_1"
"AT1G22690_1";"AT1G22690";"Gibberellin-regulated family protein";"Arabidopsis thaliana (thale cress)";"ACACTACTTCA";"tagctgaaatgtatctatataaagaatcatccacaagtactattttcacACACTACTTCA";"https://epd.vital-it.ch/cgi-bin/get_doc?db=scEpdNew&format=genome&entry=AT1G22690_1"
"AT1G67700_1";"AT1G67700";"";"Arabidopsis thaliana (thale cress)";"AAACAAACTAG";"gaatccacgaaatcatcatcttccccaaaccaaataatctctcgtttctAAACAAACTAG";"https://epd.vital-it.ch/cgi-bin/get_doc?db=scEpdNew&format=genome&entry=AT1G67700_1"
"AT2G32940_1";"AGO6";"Argonaute family protein";"Arabidopsis thaliana (thale cress)";"ATTCTTTTGCT";"gaaaagtgaaatatattttaattttcccatcactggaaacgttccctccATTCTTTTGCT";"https://epd.vital-it.ch/cgi-bin/get_doc?db=scEpdNew&format=genome&entry=AT2G32940_1"
"AT2G32950_1";"FUS1";"Transducin/WD40 repeat-like superfamily protein";"Arabidopsis thaliana (thale cress)";"ACAATTCCGAT";"cctcactcctccttcatctccgacgtcatacccaaaccactcttttctcACAATTCCGAT";"https://epd.vital-it.ch/cgi-bin/get_doc?db=scEpdNew&format=genome&entry=AT2G32950_1"
"AT2G47730_1";"GSTF8";"glutathione S-transferase phi 8";"Arabidopsis thaliana (thale cress)";"ATCCAATTCCA";"tcctttctcccccttctataaaacaccataccttccttcattcttcttcATCCAATTCCA";"https://epd.vital-it.ch/cgi-bin/get_doc?db=scEpdNew&format=genome&entry=AT2G47730_1"
"AT3G08720_1";"S6K2";"serine/threonine protein kinase 2";"Arabidopsis thaliana (thale cress)";"ATCCTAAACAT";"tgattcgaagatcactatataaagaacgtcttcgatatgtaaaagaaccATCCTAAACAT";"https://epd.vital-it.ch/cgi-bin/get_doc?db=scEpdNew&format=genome&entry=AT3G08720_1"
"AT4G25470_1";"FTQ4";"C-repeat/DRE binding factor 2";"Arabidopsis thaliana (thale cress)";"ATAACTTCAAA";"aaatatcttccggccaatataaacagcaagctctcactccaacatttctATAACTTCAAA";"https://epd.vital-it.ch/cgi-bin/get_doc?db=scEpdNew&format=genome&entry=AT4G25470_1"
"AT5G44420_1";"PDF1.2A";"plant defensin 1.2";"Arabidopsis thaliana (thale cress)";"ACACAACACAT";"ccactaccatttcattataaatagacgttgatctttggcttatttcttcACACAACACAT";"https://epd.vital-it.ch/cgi-bin/get_doc?db=scEpdNew&format=genome&entry=AT5G44420_1"
"AT5G52310_1";"RD29A";"low-temperature-responsive protein 78 / desiccation-responsive protein 29A";"Arabidopsis thaliana (thale cress)";"ACAAATATGCA";"ctctctcagtctctctataaacttagtgagaccctcctctgttttactcACAAATATGCA";"https://epd.vital-it.ch/cgi-bin/get_doc?db=scEpdNew&format=genome&entry=AT5G52310_1"
"ATF1_1";"ATF1";"Alcohol acetyltransferase; responsible for the major part of volatile acetate ester production during fermentation; main enzyme involved in terpenyl acetate synthesis; potential roles in lipid and sterol metabolism";"Saccharomyces cerevisiae (baking yeast)";"AAAAAACGGCA";"ggaagcgtctttttgaagccaacccaacaaaaattcgagacaagaaaatAAAAAACGGCA";"https://epd.vital-it.ch/cgi-bin/get_doc?db=scEpdNew&format=genome&entry=ATF1_1"
"BAP2_1";"BAP2";"High-affinity leucine permease; functions as a branched-chain amino acid permease involved in uptake of leucine, isoleucine and valine; contains 12 predicted transmembrane domains; BAP2 has a paralog, BAP3, that arose from the whole genome duplication";"Saccharomyces cerevisiae (baking yeast)";"AATTTATTTAG";"ttactatctctagctagtgttgaaacgaaggtcctttttcgatactatcAATTTATTTAG";"https://epd.vital-it.ch/cgi-bin/get_doc?db=scEpdNew&format=genome&entry=BAP2_1"
"BAR1_1";"BAR1";"Aspartyl protease; secreted into the periplasmic space of mating type a cell; helps cells find mating partners; cleaves and inactivates alpha factor allowing cells to recover from alpha-factor-induced cell cycle arrest";"Saccharomyces cerevisiae (baking yeast)";"ATACCAAAATA";"taatgatcttcgcgtgatttaattctagtggttcgtatcgcctaaaatcATACCAAAATA";"https://epd.vital-it.ch/cgi-bin/get_doc?db=scEpdNew&format=genome&entry=BAR1_1"
"Bglap2_1";"Bglap2";"Mus musculus bone gamma-carboxyglutamate protein 2 , mRNA.";"Mus musculus (Mouse)";"AGAGAGCACAG";"tgacccccaattagtcctggcagcatcccctgctcctcctgcttacatcAGAGAGCACAG";"https://epd.vital-it.ch/cgi-bin/get_doc?db=scEpdNew&format=genome&entry=Bglap2_1"
"BIRC5_1";"BIRC5";"baculoviral IAP repeat containing 5";"Homo sapiens (Human)";"AGATTTGAATC";"taagagggcgtgcgctcccgacatgccccgcggcgcgccattaaccgccAGATTTGAATC";"https://epd.vital-it.ch/cgi-bin/get_doc?db=scEpdNew&format=genome&entry=BIRC5_1"
"BNR1_1";"BNR1";"Formin; nucleates the formation of linear actin filaments, involved in cell processes such as budding and mitotic spindle orientation which require the formation of polarized actin cables, functionally redundant with BNI1";"Saccharomyces cerevisiae (baking yeast)";"GACACAAAAGC";"aactagcaaattcttgatcttttgaagattacatagtgatgatgatcgtGACACAAAAGC";"https://epd.vital-it.ch/cgi-bin/get_doc?db=scEpdNew&format=genome&entry=BNR1_1"
"C15H9.5_1";"C15H9.5";"not known";"Caenorhabditis elegans";"CAGTTACTAGG";"gcgtttgtgtgcgagagtgtcgtgagtggagggtgtccgtgggacacgtCAGTTACTAGG";"https://epd.vital-it.ch/cgi-bin/get_doc?db=scEpdNew&format=genome&entry=C15H9.5_1"
"CCP1_1";"CCP1";"Mitochondrial cytochrome-c peroxidase; degrades reactive oxygen species in mitochondria, involved in the response to oxidative stress";"Saccharomyces cerevisiae (baking yeast)";"ACACACGTATA";"acgctcgctaactcaagaacatgaatttcgcattcatgcagacgcaaacACACACGTATA";"https://epd.vital-it.ch/cgi-bin/get_doc?db=scEpdNew&format=genome&entry=CCP1_1"
"CDKN2A_2";"CDKN2A";"cyclin dependent kinase inhibitor 2A";"Homo sapiens (Human)";"CTGGTGCCAAA";"cgtgggtcccagtctgcagttaagggggcaggagtggcgctgctcacctCTGGTGCCAAA";"https://epd.vital-it.ch/cgi-bin/get_doc?db=scEpdNew&format=genome&entry=CDKN2A_2"
"CIT2_1";"CIT2";"Citrate synthase; catalyzes the condensation of acetyl coenzyme A and oxaloacetate to form citrate, peroxisomal isozyme involved in glyoxylate cycle; expression is controlled by Rtg1p and Rtg2p transcription factors; CIT2 has a paralog, CIT1, that arose from the whole genome duplication";"Saccharomyces cerevisiae (baking yeast)";"AACACATATCA";"tttagatatggtgttcgttcctcattattaagtttcagggaacaatatcAACACATATCA";"https://epd.vital-it.ch/cgi-bin/get_doc?db=scEpdNew&format=genome&entry=CIT2_1"
"CLB5_1";"CLB5";"B-type cyclin involved in DNA replication during S phase; activates Cdc28p to promote initiation of DNA synthesis; functions in formation of mitotic spindles along with Clb3p and Clb4p; most abundant during late G1 phase; CLB5 has a paralog, CLB6, that arose from the whole genome duplication";"Saccharomyces cerevisiae (baking yeast)";"AAAGCTTTTCA";"tatctattgaagtctttttgtctttgtacttcaagagactcaatcacctAAAGCTTTTCA";"https://epd.vital-it.ch/cgi-bin/get_doc?db=scEpdNew&format=genome&entry=CLB5_1"
"CLB6_1";"CLB6";"B-type cyclin involved in DNA replication during S phase; activates Cdc28p to promote initiation of DNA synthesis; functions in formation of mitotic spindles along with Clb3p and Clb4p; most abundant during late G1; CLB6 has a paralog, CLB5, that arose from the whole genome duplication";"Saccharomyces cerevisiae (baking yeast)";"AGCGTTCATAC";"tacaagtgacttttatcttttattaaataataacaagcttcactaatctAGCGTTCATAC";"https://epd.vital-it.ch/cgi-bin/get_doc?db=scEpdNew&format=genome&entry=CLB6_1"
"CLN3_1";"CLN3";"G1 cyclin involved in cell cycle progression; activates Cdc28p kinase to promote the G1 to S phase transition; plays a role in regulating transcription of the other G1 cyclins, CLN1 and CLN2; regulated by phosphorylation and proteolysis; acetly-CoA induces CLN3 transcription in response to nutrient repletion to promote cell-cycle entry.";"Saccharomyces cerevisiae (baking yeast)";"ATATTGAAGGA";"tttactctcgttcaagacactgatttgatacgctttctgtacgatggccATATTGAAGGA";"https://epd.vital-it.ch/cgi-bin/get_doc?db=scEpdNew&format=genome&entry=CLN3_1"
"CST6_1";"CST6";"Basic leucine zipper transcription factor, in ATF/CREB family; mediates transcriptional activation of NCE103 in response to low CO2 levels such as in the ambient air; proposed to be a regulator of oleate responsive genes; involved in utilization of non-optimal carbon sources and chromosome stability; relocalizes to the cytosol in response to hypoxia; CST6 has a paralog, ACA1, that arose from the whole genome duplication";"Saccharomyces cerevisiae (baking yeast)";"ATAGAGGTTAT";"ttgagttatcactttcaagtaccttcttgttaacagaaatagaaccgctATAGAGGTTAT";"https://epd.vital-it.ch/cgi-bin/get_doc?db=scEpdNew&format=genome&entry=CST6_1"
"CTT1_1";"CTT1";"Cytosolic catalase T; has a role in protection from oxidative damage by hydrogen peroxide";"Saccharomyces cerevisiae (baking yeast)";"AAGATCAATCA";"gtcgttacttgcccttattaaaaaaatccttctcttgtctcatgccaatAAGATCAATCA";"https://epd.vital-it.ch/cgi-bin/get_doc?db=scEpdNew&format=genome&entry=CTT1_1"
"CUP1-1_1";"CUP1-1";"Metallothionein; binds copper and mediates resistance to high concentrations of copper and cadmium; locus is variably amplified in different strains, with two copies, CUP1-1 and CUP1-2, in the genomic sequence reference strain S288C; CUP1-1 has a paralog, CUP1-2, that arose from a segmental duplication";"Saccharomyces cerevisiae (baking yeast)";"ATCGAAATAGA";"tcaattgcattataatatcttcttgttagtgcaatatcatatagaagtcATCGAAATAGA";"https://epd.vital-it.ch/cgi-bin/get_doc?db=scEpdNew&format=genome&entry=CUP1-1_1"
"CUP1-2_1";"CUP1-2";"Metallothionein; binds copper and mediates resistance to high concentrations of copper and cadmium; locus is variably amplified in different strains, with two copies, CUP1-1 and CUP1-2, in the genomic sequence reference strain S288C; CUP1-2 has a paralog, CUP1-1, that arose from a segmental duplication";"Saccharomyces cerevisiae (baking yeast)";"ATCGAAATAGA";"tcaattgcattataatatcttcttgttagtgcaatatcatatagaagtcATCGAAATAGA";"https://epd.vital-it.ch/cgi-bin/get_doc?db=scEpdNew&format=genome&entry=CUP1-2_1"
"CYC1_1";"CYC1";"Cytochrome c, isoform 1; also known as iso-1-cytochrome c; electron carrier of the mitochondrial intermembrane space that transfers electrons from ubiquinone-cytochrome c oxidoreductase to cytochrome c oxidase during cellular respiration; mutations in human homolog cause insulin-responsive hyperglycemia; CYC1 has a paralog, CYC7, that arose from the whole genome duplication";"Saccharomyces cerevisiae (baking yeast)";"ATACTTCTATA";"tctaaatattctttccttatacattaggacctttgcagcataaattactATACTTCTATA";"https://epd.vital-it.ch/cgi-bin/get_doc?db=scEpdNew&format=genome&entry=CYC1_1"
"DAK1_1";"DAK1";"Dihydroxyacetone kinase; required for detoxification of dihydroxyacetone ; involved in stress adaptation";"Saccharomyces cerevisiae (baking yeast)";"ATCAAAGAATA";"tcaacttcgctacaagtagtcactatttgtagcaactgtaaacgaacacATCAAAGAATA";"https://epd.vital-it.ch/cgi-bin/get_doc?db=scEpdNew&format=genome&entry=DAK1_1"
"DAL7_1";"DAL7";"Malate synthase; can accept butyryl-CoA as acyl-CoA donor in addition to traditional substrate acetyl-CoA; recycles glyoxylate generated during allantoin degradation; expression sensitive to nitrogen catabolite repression and induced by allophanate, an intermediate in allantoin degradation";"Saccharomyces cerevisiae (baking yeast)";"AATTGGTGAAG";"ttggataaggtacatcgtgaaagtatcacaaagattggatagtttcgtcAATTGGTGAAG";"https://epd.vital-it.ch/cgi-bin/get_doc?db=scEpdNew&format=genome&entry=DAL7_1"
"DLD3_1";"DLD3";"D-lactate dehydrogenase; part of the retrograde regulon which consists of genes whose expression is stimulated by damage to mitochondria and reduced in cells grown with glutamate as the sole nitrogen source, located in the cytoplasm";"Saccharomyces cerevisiae (baking yeast)";"GAGATTCAAGG";"gacgaggcagaacagggtgccaaaatgctcctcaatattttattcatttGAGATTCAAGG";"https://epd.vital-it.ch/cgi-bin/get_doc?db=scEpdNew&format=genome&entry=DLD3_1"
"drr-2_1";"drr-2";"Dietary Restriction Response (WT but not eat-2 lifespan";"Caenorhabditis elegans";"GCAAATATGTA";"gagattgcggactgagagttggaaaaaaattaaataaataatttgatttGCAAATATGTA";"https://epd.vital-it.ch/cgi-bin/get_doc?db=scEpdNew&format=genome&entry=drr-2_1"
"EEF1A1_1";"EEF1A1";"eukaryotic translation elongation factor 1 alpha 1";"Homo sapiens (Human)";"CTTTTTCGCAA";"cgagggtgggggagaaccgtatataagtgcagtagtcgccgtgaacgttCTTTTTCGCAA";"https://epd.vital-it.ch/cgi-bin/get_doc?db=scEpdNew&format=genome&entry=EEF1A1_1"
"EEF1A1_3";"EEF1A1";"eukaryotic translation elongation factor 1 alpha 1";"Homo sapiens (Human)";"GAGTTTGGATC";"taggccagcttggcacttgatgtaattctccttggaatttgccctttttGAGTTTGGATC";"https://epd.vital-it.ch/cgi-bin/get_doc?db=scEpdNew&format=genome&entry=EEF1A1_3"
"ERG24_1";"ERG24";"C-14 sterol reductase; acts in ergosterol biosynthesis; mutants accumulate the abnormal sterol ignosterol (ergosta-8,14 dienol), and are viable under anaerobic growth conditions but inviable on rich medium under aerobic conditions";"Saccharomyces cerevisiae (baking yeast)";"GCGCAATTGCT";"tgagtttacgtttgtttttaataatcagttttcattctactattttcttGCGCAATTGCT";"https://epd.vital-it.ch/cgi-bin/get_doc?db=scEpdNew&format=genome&entry=ERG24_1"
"FBA1_1";"FBA1";"Fructose 1,6-bisphosphate aldolase; required for glycolysis and gluconeogenesis; catalyzes conversion of fructose 1,6 bisphosphate to glyceraldehyde-3-P and dihydroxyacetone-P; locates to mitochondrial outer surface upon oxidative stress; N-terminally propionylated in vivo";"Saccharomyces cerevisiae (baking yeast)";"ATAACCAAGTA";"ttccttgcgttattcttctgttcttctttttcttttgtcatatataaccATAACCAAGTA";"https://epd.vital-it.ch/cgi-bin/get_doc?db=scEpdNew&format=genome&entry=FBA1_1"
"FCY2_1";"FCY2";"Purine-cytosine permease; mediates purine (adenine, guanine, and hypoxanthine) and cytosine accumulation; relative distribution to the vacuole increases upon DNA replication stress";"Saccharomyces cerevisiae (baking yeast)";"AAGCTTAACTG";"gtgagtctaaaacgcgttggaggcatttttctttgaaatgtagataagtAAGCTTAACTG";"https://epd.vital-it.ch/cgi-bin/get_doc?db=scEpdNew&format=genome&entry=FCY2_1"
"FET3_1";"FET3";"Ferro-O2-oxidoreductase; multicopper oxidase that oxidizes ferrous (Fe2+) to ferric iron (Fe3+) for subsequent cellular uptake by transmembrane permease Ftr1p; required for high-affinity iron uptake and involved in mediating resistance to copper ion toxicity, belongs to class of integral membrane multicopper oxidases; protein abundance increases in response to DNA replication stress";"Saccharomyces cerevisiae (baking yeast)";"ATAGGAAACGA";"gtaagcaggccatgccctatagctcttgttctataagcgatggataggcATAGGAAACGA";"https://epd.vital-it.ch/cgi-bin/get_doc?db=scEpdNew&format=genome&entry=FET3_1"
"flp-1_1";"flp-1";"FMRF-Like Peptide";"Caenorhabditis elegans";"CACTTTATCAT";"tacttgcaaagaaggcttataaatagctcacatcttcattggttttcttCACTTTATCAT";"https://epd.vital-it.ch/cgi-bin/get_doc?db=scEpdNew&format=genome&entry=flp-1_1"
"FOS_1";"FOS";"Fos proto-oncogene, AP-1 transcription factor subunit";"Macaca mulatta (rhesus macaque)";"AACCGCATCTG";"ttcataaaacgcttgttataaaagcagtggctgcggcgcctcgtactccAACCGCATCTG";"https://epd.vital-it.ch/cgi-bin/get_doc?db=scEpdNew&format=genome&entry=FOS_1"
"FRT1_1";"FRT1";"Tail-anchored ER membrane protein of unknown function; substrate of the phosphatase calcineurin; interacts with homolog Frt2p; promotes cell growth in stress conditions, possibly via a role in posttranslational translocation; FRT1 has a paralog, FRT2, that arose from the whole genome duplication";"Saccharomyces cerevisiae (baking yeast)";"AGTGACCGGAG";"aagcatcgagaaacggcgcttggcacatcgtatatcaacaagacaaaccAGTGACCGGAG";"https://epd.vital-it.ch/cgi-bin/get_doc?db=scEpdNew&format=genome&entry=FRT1_1"
"FUS1_1";"FUS1";"Membrane protein localized to the shmoo tip; required for cell fusion; expression regulated by mating pheromone; proposed to coordinate signaling, fusion, and polarization events required for fusion; potential Cdc28p substrate";"Saccharomyces cerevisiae (baking yeast)";"GTAAGAGTGGC";"ttgaaacaaataacgtaattctcgggattggttttatttaaatgacaatGTAAGAGTGGC";"https://epd.vital-it.ch/cgi-bin/get_doc?db=scEpdNew&format=genome&entry=FUS1_1"
"GAL10_1";"GAL10";"UDP-glucose-4-epimerase; catalyzes the interconversion of UDP-galactose and UDP-D-glucose in galactose metabolism; also catalyzes the conversion of alpha-D-glucose or alpha-D-galactose to their beta-anomers";"Saccharomyces cerevisiae (baking yeast)";"AAGAATTTTTG";"ccatgtaatatgattattaaacttctttgcgtccatccaaaaaaaaagtAAGAATTTTTG";"https://epd.vital-it.ch/cgi-bin/get_doc?db=scEpdNew&format=genome&entry=GAL10_1"
"GAL1_1";"GAL1";"Galactokinase; phosphorylates alpha-D-galactose to alpha-D-galactose-1-phosphate in the first step of galactose catabolism; expression regulated by Gal4p; GAL1 has a paralog, GAL3, that arose from the whole genome duplication";"Saccharomyces cerevisiae (baking yeast)";"ATCAACAAAAA";"tttcaacattttcagtttgtattacttcttattcaaatgtcataaaagtATCAACAAAAA";"https://epd.vital-it.ch/cgi-bin/get_doc?db=scEpdNew&format=genome&entry=GAL1_1"
"GLN1_1";"GLN1";"Glutamine synthetase ; synthesizes glutamine from glutamate and ammonia; with Glt1p, forms the secondary pathway for glutamate biosynthesis from ammonia; expression regulated by nitrogen source and by amino acid limitation; forms filaments of back-to-back stacks of cylindrical homo-decamers at low pH, leading to enzymatic inactivation and storage during states of advanced cellular starvation; relocalizes from nucleus to cytoplasmic foci upon DNA replication stress";"Saccharomyces cerevisiae (baking yeast)";"ACACAAAGATA";"ggttggttcgtaggttgttctgtctttgttttcgttaggtaagaacatcACACAAAGATA";"https://epd.vital-it.ch/cgi-bin/get_doc?db=scEpdNew&format=genome&entry=GLN1_1"
"GPT2_1";"GPT2";"Glycerol-3-phosphate/dihydroxyacetone phosphate sn-1 acyltransferase; located in lipid particles and the ER; involved in the stepwise acylation of glycerol-3-phosphate and dihydroxyacetone in lipid biosynthesis; the most conserved motifs and functionally relevant residues are oriented towards the ER lumen";"Saccharomyces cerevisiae (baking yeast)";"AGCTTGAGTAT";"ggagtaataaagaggggagagaaaagaggagagaccctgaagaagtggcAGCTTGAGTAT";"https://epd.vital-it.ch/cgi-bin/get_doc?db=scEpdNew&format=genome&entry=GPT2_1"
"GRMZM2G409726_1";"GRMZM2G409726";"Ubiquitin2";"Zea mays (corn)";"AACCTCGTGTT";"tcctcgcccgccgtaataaatagacaccccctccacaccctctttccccAACCTCGTGTT";"https://epd.vital-it.ch/cgi-bin/get_doc?db=scEpdNew&format=genome&entry=GRMZM2G409726_1"
"GRMZM2G409726_2";"GRMZM2G409726";"Ubiquitin2";"Zea mays (corn)";"GATTCCTTTCC";"gcacggcaggcggcctcctcctcctctcacggcaccggcagctacggggGATTCCTTTCC";"https://epd.vital-it.ch/cgi-bin/get_doc?db=scEpdNew&format=genome&entry=GRMZM2G409726_2"
"GYP8_1";"GYP8";"GTPase-activating protein for yeast Rab family members; Ypt1p is the preferred in vitro substrate but also acts on Sec4p, Ypt31p and Ypt32p; involved in the regulation of ER to Golgi vesicle transport";"Saccharomyces cerevisiae (baking yeast)";"AATTAACAAAA";"caaagtaaagaaataaagagaaaatttagcaaatgacatagaacaagccAATTAACAAAA";"https://epd.vital-it.ch/cgi-bin/get_doc?db=scEpdNew&format=genome&entry=GYP8_1"
"HBS1L_2";"HBS1L";"HBS1 like translational GTPase";"Homo sapiens (Human)";"ACTGCAACCTC";"atagagtctctgtcacccaggctggagtgcagtggcgcaatctcggctcACTGCAACCTC";"https://epd.vital-it.ch/cgi-bin/get_doc?db=scEpdNew&format=genome&entry=HBS1L_2"
"HHO1_1";"HHO1";"Histone H1, linker histone with roles in meiosis and sporulation; decreasing levels early in sporulation may promote meiosis, and increasing levels during sporulation facilitate compaction of spore chromatin; binds to promoters and within genes in mature spores; may be recruited by Ume6p to promoter regions, contributing to transcriptional repression outside of meiosis; suppresses DNA repair involving homologous recombination";"Saccharomyces cerevisiae (baking yeast)";"AATTATAATAC";"gggagttgttatttatgggcacctgataatgcttggcagcgagggaagcAATTATAATAC";"https://epd.vital-it.ch/cgi-bin/get_doc?db=scEpdNew&format=genome&entry=HHO1_1"
"HIS4_1";"HIS4";"Multifunctional enzyme containing phosphoribosyl-ATP pyrophosphatase; phosphoribosyl-AMP cyclohydrolase, and histidinol dehydrogenase activities; catalyzes the second, third, ninth and tenth steps in histidine biosynthesis";"Saccharomyces cerevisiae (baking yeast)";"ATAGCACAACT";"ggaacgttatattcacctccgatgtgtgttgtacatacataaaaatatcATAGCACAACT";"https://epd.vital-it.ch/cgi-bin/get_doc?db=scEpdNew&format=genome&entry=HIS4_1"
"Hmgcs1_1";"Hmgcs1";"Mus musculus 3-hydroxy-3-methylglutaryl-Coenzyme A synthase 1 , transcript variant 2, mRNA.";"Mus musculus (Mouse)";"CTGCGGTCTCC";"agtcgggtgggtcggtggctataaagctgcggagggcgggaggcacagtCTGCGGTCTCC";"https://epd.vital-it.ch/cgi-bin/get_doc?db=scEpdNew&format=genome&entry=Hmgcs1_1"
"HOR7_1";"HOR7";"Protein of unknown function; overexpression suppresses Ca2+ sensitivity of mutants lacking inositol phosphorylceramide mannosyltransferases Csg1p and Csh1p; transcription is induced under hyperosmotic stress and repressed by alpha factor; HOR7 has a paralog, DDR2, that arose from the whole genome duplication";"Saccharomyces cerevisiae (baking yeast)";"ATACAGATATT";"tgacagtttctgggacgtcttaacttttattgcagaggactatcaaatcATACAGATATT";"https://epd.vital-it.ch/cgi-bin/get_doc?db=scEpdNew&format=genome&entry=HOR7_1"
"hsp-17_1";"hsp-17";"Heat Shock Protein";"Caenorhabditis elegans";"AACTTTCATCA";"cattcctgaaaaacttcgataaaagggaagtatccaaacaaccacacccAACTTTCATCA";"https://epd.vital-it.ch/cgi-bin/get_doc?db=scEpdNew&format=genome&entry=hsp-17_1"
"hsp-17_2";"hsp-17";"Heat Shock Protein";"Caenorhabditis elegans";"GTCTTCTTCTT";"gaggataatagagcagtagtagaaaagcagggagtgtcaactcagttttGTCTTCTTCTT";"https://epd.vital-it.ch/cgi-bin/get_doc?db=scEpdNew&format=genome&entry=hsp-17_2"
"hsp-3_1";"hsp-3";"Heat Shock Protein";"Caenorhabditis elegans";"AGTTTGCTCTC";"gcagttcgttccttcgctctctccctctcgatgcgctcgtcgatccgtcAGTTTGCTCTC";"https://epd.vital-it.ch/cgi-bin/get_doc?db=scEpdNew&format=genome&entry=hsp-3_1"
"Hsp70Ba_1";"Hsp70Ba";"Heat-shock-protein-70Ba";"Drosophila melanogaster (Fruit fly)";"AATTCAATTTA";"cgaaaagagcgcagcagtataaatagaggcgcttcgtctacggagcgacAATTCAATTTA";"https://epd.vital-it.ch/cgi-bin/get_doc?db=scEpdNew&format=genome&entry=Hsp70Ba_1"
"HSPA1A_1";"HSPA1A";"heat shock protein family A member 1A";"Homo sapiens (Human)";"AACGGCTAGCC";"gcgggtctccgtgacgacttataaaagcccaggggcaagcggtccggatAACGGCTAGCC";"https://epd.vital-it.ch/cgi-bin/get_doc?db=scEpdNew&format=genome&entry=HSPA1A_1"
"HSPA1L_1";"HSPA1L";"heat shock protein family A member 1 like";"Homo sapiens (Human)";"AGAACTCTCCA";"ccccagccttccttggaccaatcagaggccagagtgccgccccctgctcAGAACTCTCCA";"https://epd.vital-it.ch/cgi-bin/get_doc?db=scEpdNew&format=genome&entry=HSPA1L_1"
"HSPA1L_2";"HSPA1L";"heat shock protein family A member 1 like";"Homo sapiens (Human)";"GGAAACTCGAC";"ggaaacggaacactggatccgcgagaagagctcggtccttccggacgccGGAAACTCGAC";"https://epd.vital-it.ch/cgi-bin/get_doc?db=scEpdNew&format=genome&entry=HSPA1L_2"
"HXT7_1";"HXT7";"High-affinity glucose transporter; member of the major facilitator superfamily, nearly identical to Hxt6p, expressed at high basal levels relative to other HXTs, expression repressed by high glucose levels; HXT7 has a paralog, HXT4, that arose from the whole genome duplication";"Saccharomyces cerevisiae (baking yeast)";"ATCAAGAACAA";"caatgttcgaatctattcttcatttgcagctattgtaaaataataaaacATCAAGAACAA";"https://epd.vital-it.ch/cgi-bin/get_doc?db=scEpdNew&format=genome&entry=HXT7_1"
"HYM1_1";"HYM1";"Component of the RAM signaling network; is involved in regulation of Ace2p activity and cellular morphogenesis, interacts with Kic1p and Sog2p, localizes to sites of polarized growth during budding and during the mating response";"Saccharomyces cerevisiae (baking yeast)";"GATTTAATCTC";"cactgacacaatatttacaggcgttgatagcttcttgttttaacaatacGATTTAATCTC";"https://epd.vital-it.ch/cgi-bin/get_doc?db=scEpdNew&format=genome&entry=HYM1_1"
"Jun_1";"Jun";"Jun proto-oncogene, AP-1 transcription factor subunit";"Rattus Norvegicus (rat)";"AGAGTTGCACT";"ggattgactggtagcagataagtgttgagctcaggctggataaggactcAGAGTTGCACT";"https://epd.vital-it.ch/cgi-bin/get_doc?db=scEpdNew&format=genome&entry=Jun_1"
"KRE9_1";"KRE9";"Glycoprotein involved in cell wall beta-glucan assembly; null mutation leads to severe growth defects, aberrant multibudded morphology, and mating defects";"Saccharomyces cerevisiae (baking yeast)";"AGTTCCAAGAA";"gaacaggagtctcaaagcattcttgaagccagatttgctccagtttgatAGTTCCAAGAA";"https://epd.vital-it.ch/cgi-bin/get_doc?db=scEpdNew&format=genome&entry=KRE9_1"
"Lct_1";"Lct";"lactase";"Rattus Norvegicus (rat)";"AACAGTTCCTT";"tacagccttggctgtgctcataaagttaggattccttccacatgcttctAACAGTTCCTT";"https://epd.vital-it.ch/cgi-bin/get_doc?db=scEpdNew&format=genome&entry=Lct_1"
"LDLR_1";"LDLR";"low-density lipoprotein receptor precursor";"Macaca mulatta (rhesus macaque)";"GCGGGAAGCCA";"aaacctcacgttgaaatgctgtaaatgacgtgggcccccgagtgcaatcGCGGGAAGCCA";"https://epd.vital-it.ch/cgi-bin/get_doc?db=scEpdNew&format=genome&entry=LDLR_1"
"let-858_1";"let-858";"LEThal";"Caenorhabditis elegans";"TGATTTTCTGT";"acaattggaaaaaaaatttattcggaggcgacaacggtattttcgaaatTGATTTTCTGT";"https://epd.vital-it.ch/cgi-bin/get_doc?db=scEpdNew&format=genome&entry=let-858_1"
"MAP2K5_2";"MAP2K5";"mitogen-activated protein kinase kinase 5";"Macaca mulatta (rhesus macaque)";"CTTCCTCCTCC";"ggttccggcgccgcgcgttttggttccggagtaacagtgtcgccgccgcCTTCCTCCTCC";"https://epd.vital-it.ch/cgi-bin/get_doc?db=scEpdNew&format=genome&entry=MAP2K5_2"
"mec-7_1";"mec-7";"MEChanosensory abnormality";"Caenorhabditis elegans";"AGTCGAGCCTC";"tcctcccattattcgtcttgagtcgcatcttttgtcttggtccgttgtcAGTCGAGCCTC";"https://epd.vital-it.ch/cgi-bin/get_doc?db=scEpdNew&format=genome&entry=mec-7_1"
"MET16_1";"MET16";"3'-phosphoadenylsulfate reductase; reduces 3'-phosphoadenylyl sulfate to adenosine-3',5'-bisphosphate and free sulfite using reduced thioredoxin as cosubstrate, involved in sulfate assimilation and methionine metabolism";"Saccharomyces cerevisiae (baking yeast)";"AAGGCCAGCAA";"aagtatactgtactgtttgtaaccttttcaatgctttaagatcaaaactAAGGCCAGCAA";"https://epd.vital-it.ch/cgi-bin/get_doc?db=scEpdNew&format=genome&entry=MET16_1"
"MET17_1";"MET17";"O-acetyl homoserine-O-acetyl serine sulfhydrylase; required for Methionine and cysteine biosynthesis";"Saccharomyces cerevisiae (baking yeast)";"GTCAGATACAT";"ttgctctcttgtcttttcatctactatttccttcgtgtaatacagggtcGTCAGATACAT";"https://epd.vital-it.ch/cgi-bin/get_doc?db=scEpdNew&format=genome&entry=MET17_1"
"MET28_1";"MET28";"bZIP transcriptional activator in the Cbf1p-Met4p-Met28p complex; participates in the regulation of sulfur metabolism";"Saccharomyces cerevisiae (baking yeast)";"GCGAAACAAGG";"taaccagtggtagttacgaagacaaattgttttgttcgtcaatatgagtGCGAAACAAGG";"https://epd.vital-it.ch/cgi-bin/get_doc?db=scEpdNew&format=genome&entry=MET28_1"
"MF(ALPHA)1_1";"MF(ALPHA)1";"Mating pheromone alpha-factor, made by alpha cells; interacts with mating type a cells to induce cell cycle arrest and other responses leading to mating; also encoded by MF2, although MF1 produces most alpha-factor; MF1 has a paralog, MF2, that arose from the whole genome duplication";"Saccharomyces cerevisiae (baking yeast)";"AAGAATAGTTC";"ttttgttcccatcaaaaatgttactgttcttacgattcatttacgattcAAGAATAGTTC";"https://epd.vital-it.ch/cgi-bin/get_doc?db=scEpdNew&format=genome&entry=MF(ALPHA)1_1"
"MFA1_1";"MFA1";"Mating pheromone a-factor; made by a cells; interacts with alpha cells to induce cell cycle arrest and other responses leading to mating; biogenesis involves C-terminal modification, N-terminal proteolysis, and export; also encoded by MFA2";"Saccharomyces cerevisiae (baking yeast)";"AAAATAAGTAC";"cagaaatgaattaatgagagggatctgtaactgtttctcggataaaaccAAAATAAGTAC";"https://epd.vital-it.ch/cgi-bin/get_doc?db=scEpdNew&format=genome&entry=MFA1_1"
"MFA2_1";"MFA2";"Mating pheromone a-factor; made by a cells; interacts with alpha cells to induce cell cycle arrest and other responses leading to mating; biogenesis involves C-terminal modification, N-terminal proteolysis, and export; also encoded by MFA1";"Saccharomyces cerevisiae (baking yeast)";"ATTGACATCAC";"ataaataaccattttatttccatccacttcttctgtcgttcatccgttcATTGACATCAC";"https://epd.vital-it.ch/cgi-bin/get_doc?db=scEpdNew&format=genome&entry=MFA2_1"
"MHF1_1";"MHF1";"Component of the heterotetrameric MHF histone-fold complex; in humans the MHF complex interacts with both DNA and Mph1p ortholog FANCM, a Fanconi anemia complementation group protein, to stabilize and remodel blocked replication forks and repair damaged DNA; mhf1 srs2 double mutants are MMS hypersensitive; ortholog of human centromere constitutive-associated network subunit CENP-S, also known as MHF1";"Saccharomyces cerevisiae (baking yeast)";"ATGATACATAA";"tatacacttgagtaaatatatttatgtattcatatctcaagataagatcATGATACATAA";"https://epd.vital-it.ch/cgi-bin/get_doc?db=scEpdNew&format=genome&entry=MHF1_1"
"MMP7_1";"MMP7";"matrix metallopeptidase 7";"Homo sapiens (Human)";"ACCAAATCAAC";"attcgaggctgagaagctatataaatttctgcagtcactagcagaaaacACCAAATCAAC";"https://epd.vital-it.ch/cgi-bin/get_doc?db=scEpdNew&format=genome&entry=MMP7_1"
"myo-2_1";"myo-2";"MYOsin heavy chain structural genes";"Caenorhabditis elegans";"TATCTCCAGGC";"cccaatccacccacccagggaaaaagaagggctcgccgaaaatcaaagtTATCTCCAGGC";"https://epd.vital-it.ch/cgi-bin/get_doc?db=scEpdNew&format=genome&entry=myo-2_1"
"myo-3_1";"myo-3";"MYOsin heavy chain structural genes";"Caenorhabditis elegans";"ATCTTCAACGA";"agtgcagagagggcgggatagctcccgggattccgttttcttcttctttATCTTCAACGA";"https://epd.vital-it.ch/cgi-bin/get_doc?db=scEpdNew&format=genome&entry=myo-3_1"
"nmt1_1";"nmt1";"no message in thiamine Nmt1";"Schizosaccharomyces pombe (fission yeast)";"AATTGAATAAG";"atcgaaacattgaagatatataaaggaagaggaatcctggcatatcatcAATTGAATAAG";"https://epd.vital-it.ch/cgi-bin/get_doc?db=scEpdNew&format=genome&entry=nmt1_1"
"NPFFR2_3";"NPFFR2";"neuropeptide FF receptor 2";"Homo sapiens (Human)";"GCCAATTTCCT";"cctcggcctcccaaagtgctgggattacaggcgtgagccaccgcgcccgGCCAATTTCCT";"https://epd.vital-it.ch/cgi-bin/get_doc?db=scEpdNew&format=genome&entry=NPFFR2_3"
"NUT2_1";"NUT2";"Subunit of the RNA polymerase II mediator complex; associates with core polymerase subunits to form the RNA polymerase II holoenzyme; required for transcriptional activation and has a role in basal transcription; protein abundance increases in response to DNA replication stress";"Saccharomyces cerevisiae (baking yeast)";"AAACCGATAAG";"ttttaactactaactcctgtttgagaaagaggcaaatatatagaaaaatAAACCGATAAG";"https://epd.vital-it.ch/cgi-bin/get_doc?db=scEpdNew&format=genome&entry=NUT2_1"
"OCM2_1";"OCM2";"oncomodulin 2";"Homo sapiens (Human)";"AAAAAATCTAG";"actccagcctgggtgacagagtgagactccatctcaaaaaaaaaaaaaaAAAAAATCTAG";"https://epd.vital-it.ch/cgi-bin/get_doc?db=scEpdNew&format=genome&entry=OCM2_1"
"osm-10_1";"osm-10";"OSMotic avoidance abnormal";"Caenorhabditis elegans";"CGAGATTATTC";"gggcgtgacttggtagaaaggtacttaatcgagatgttgagccaactttCGAGATTATTC";"https://epd.vital-it.ch/cgi-bin/get_doc?db=scEpdNew&format=genome&entry=osm-10_1"
"PCK1_1";"PCK1";"Phosphoenolpyruvate carboxykinase; key enzyme in gluconeogenesis, catalyzes early reaction in carbohydrate biosynthesis, glucose represses transcription and accelerates mRNA degradation, regulated by Mcm1p and Cat8p, located in the cytosol";"Saccharomyces cerevisiae (baking yeast)";"AGAAGTAAGAC";"acttctcttccatgtgtaatcagtatttctacttacttcttaaatatacAGAAGTAAGAC";"https://epd.vital-it.ch/cgi-bin/get_doc?db=scEpdNew&format=genome&entry=PCK1_1"
"PCL2_1";"PCL2";"Cyclin, interacts with cyclin-dependent kinase Pho85p; member of the Pcl1,2-like subfamily, involved in the regulation of polarized growth and morphogenesis and progression through the cell cycle; localizes to sites of polarized cell growth; PCL2 has a paralog, PCL9, that arose from the whole genome duplication";"Saccharomyces cerevisiae (baking yeast)";"AAGACCCGGTG";"tcttataagttctcctttctttcactttataattctcctttataaaagtAAGACCCGGTG";"https://epd.vital-it.ch/cgi-bin/get_doc?db=scEpdNew&format=genome&entry=PCL2_1"
"PDC1_1";"PDC1";"Major of three pyruvate decarboxylase isozymes; key enzyme in alcoholic fermentation; decarboxylates pyruvate to acetaldehyde; involved in amino acid catabolism; subject to glucose-, ethanol-, and autoregulation; activated by phosphorylation in response to glucose levels; N-terminally propionylated in vivo";"Saccharomyces cerevisiae (baking yeast)";"ACGCAAAATAA";"atttcttgtcatattcctttctcaattattattttctactcataacctcACGCAAAATAA";"https://epd.vital-it.ch/cgi-bin/get_doc?db=scEpdNew&format=genome&entry=PDC1_1"
"PGI1_1";"PGI1";"Glycolytic enzyme phosphoglucose isomerase; catalyzes the interconversion of glucose-6-phosphate and fructose-6-phosphate; required for cell cycle progression and completion of the gluconeogenic events of sporulation";"Saccharomyces cerevisiae (baking yeast)";"AGTCTTGCAAA";"ttacttaatattttacttgcattcagtgaattttaatacatattcctctAGTCTTGCAAA";"https://epd.vital-it.ch/cgi-bin/get_doc?db=scEpdNew&format=genome&entry=PGI1_1"
"Pgk1_1";"Pgk1";"phosphoglycerate kinase 1";"Rattus Norvegicus (rat)";"CTCTTCCTCTC";"gcccggcattctgcacgcttcaaaagcgcacgtctgctgcagtgttctcCTCTTCCTCTC";"https://epd.vital-it.ch/cgi-bin/get_doc?db=scEpdNew&format=genome&entry=Pgk1_1"
"PLAC1_1";"PLAC1";"placenta specific 1";"Homo sapiens (Human)";"AGAAAAAAAAA";"tgccactgcactccagcctgggtgacagagcaagactctgtctcaaaaaAGAAAAAAAAA";"https://epd.vital-it.ch/cgi-bin/get_doc?db=scEpdNew&format=genome&entry=PLAC1_1"
"POT1_1";"POT1";"3-ketoacyl-CoA thiolase with broad chain length specificity; cleaves 3-ketoacyl-CoA into acyl-CoA and acetyl-CoA during beta-oxidation of fatty acids";"Saccharomyces cerevisiae (baking yeast)";"GAGTACAGAGT";"ttttgcatctcagttctattgaaatcgaatggttatttcttgtggctctGAGTACAGAGT";"https://epd.vital-it.ch/cgi-bin/get_doc?db=scEpdNew&format=genome&entry=POT1_1"
"POU5F1_3";"POU5F1";"POU class 5 homeobox 1";"Homo sapiens (Human)";"ACCAGGCCCCC";"ctggggagggagagaggggttgagtagtcccttcgcaagccctcatttcACCAGGCCCCC";"https://epd.vital-it.ch/cgi-bin/get_doc?db=scEpdNew&format=genome&entry=POU5F1_3"
"PRL_1";"PRL";"prolactin";"Homo sapiens (Human)";"AGGTCATAAGA";"tctcccctgaagcaggccataaaagaatcctctgacgtttctataaagtAGGTCATAAGA";"https://epd.vital-it.ch/cgi-bin/get_doc?db=scEpdNew&format=genome&entry=PRL_1"
"PRP22_1";"PRP22";"DEAH-box RNA-dependent ATPase/ATP-dependent RNA helicase; associates with lariat intermediates before the second catalytic step of splicing; mediates ATP-dependent mRNA release from the spliceosome and unwinds RNA duplexes; required for proofreading the exon ligation reaction";"Saccharomyces cerevisiae (baking yeast)";"AATTTTCAACA";"atgctgtcatctcatgttgttaatgcgctatatttcgcactacgaagctAATTTTCAACA";"https://epd.vital-it.ch/cgi-bin/get_doc?db=scEpdNew&format=genome&entry=PRP22_1"
"PRP39_1";"PRP39";"U1 snRNP protein involved in splicing; contains multiple tetriatricopeptide repeats";"Saccharomyces cerevisiae (baking yeast)";"AAAGTAAAAAC";"aaagtttcagacttaaacagaatttacgcaagaaagttttcaaagtcctAAAGTAAAAAC";"https://epd.vital-it.ch/cgi-bin/get_doc?db=scEpdNew&format=genome&entry=PRP39_1"
"PYK2_1";"PYK2";"Pyruvate kinase; appears to be modulated by phosphorylation; transcription repressed by glucose, and Pyk2p may be active under low glycolytic flux; PYK2 has a paralog, CDC19, that arose from the whole genome duplication";"Saccharomyces cerevisiae (baking yeast)";"AACAAAAGCAC";"aaacgcaactatattttactttcatcctctacgtccattgtaagattacAACAAAAGCAC";"https://epd.vital-it.ch/cgi-bin/get_doc?db=scEpdNew&format=genome&entry=PYK2_1"
"RPD3_1";"RPD3";"Histone deacetylase, component of both the Rpd3S and Rpd3L complexes; regulates transcription, silencing, autophagy and other processes by influencing chromatin remodeling; forms at least two different complexes which have distinct functions and members; Rpd3 recruitment to the subtelomeric region is regulated by interaction with the arginine methyltransferase, Hmt1p";"Saccharomyces cerevisiae (baking yeast)";"ATAAAACAATT";"gtagttgattatacataataaaaatttgaagtaataaccataaaggttcATAAAACAATT";"https://epd.vital-it.ch/cgi-bin/get_doc?db=scEpdNew&format=genome&entry=RPD3_1"
"Rpph1_1";"Rpph1";"Mus musculus ribonuclease P RNA component H1 , RNase P RNA.";"Mus musculus (Mouse)";"GGCGGAGGAAG";"attcctctttcgagccttatagtggcggccggtctacatcctgaaagtgGGCGGAGGAAG";"https://epd.vital-it.ch/cgi-bin/get_doc?db=scEpdNew&format=genome&entry=Rpph1_1"
"rps-27_1";"rps-27";"Ribosomal Protein, Small subunit";"Caenorhabditis elegans";"CTTTTTTTCCC";"cgcacggtttgcggaaggcgatgaaattgctgggcctaaaattttaaccCTTTTTTTCCC";"https://epd.vital-it.ch/cgi-bin/get_doc?db=scEpdNew&format=genome&entry=rps-27_1"
"RPS2_1";"RPS2";"Protein component of the small subunit; essential for control of translational accuracy; phosphorylation by C-terminal domain kinase I (CTDK-I) enhances translational accuracy; methylated on one or more arginine residues by Hmt1p; homologous to mammalian ribosomal protein S2 and bacterial S5";"Saccharomyces cerevisiae (baking yeast)";"AATAAGCTCAA";"gttacctacatcaactttccgtgttccattccgactataacaaacaaccAATAAGCTCAA";"https://epd.vital-it.ch/cgi-bin/get_doc?db=scEpdNew&format=genome&entry=RPS2_1"
"RPS8B_1";"RPS8B";"Protein component of the small ribosomal subunit; homologous to mammalian ribosomal protein S8, no bacterial homolog; RPS8B has a paralog, RPS8A, that arose from the whole genome duplication";"Saccharomyces cerevisiae (baking yeast)";"ATTAAAATAGT";"tctcgatgcgttattacaagaaaatagttttactaacaaattaacaaaaATTAAAATAGT";"https://epd.vital-it.ch/cgi-bin/get_doc?db=scEpdNew&format=genome&entry=RPS8B_1"
"S100A6_1";"S100A6";"S100 calcium binding protein A6";"Macaca mulatta (rhesus macaque)";"ATCCCCTCGAC";"cctccggggcatcgaccgctataaggccagccggactgcgacacagcccATCCCCTCGAC";"https://epd.vital-it.ch/cgi-bin/get_doc?db=scEpdNew&format=genome&entry=S100A6_1"
"S100A7_2";"S100A7";"S100 calcium binding protein A7";"Homo sapiens (Human)";"AGTCGGACTGC";"gggtgggcttggccgagctggcctccggggcaccgaccgctataaggccAGTCGGACTGC";"https://epd.vital-it.ch/cgi-bin/get_doc?db=scEpdNew&format=genome&entry=S100A7_2"
"SAG1_1";"SAG1";"Alpha-agglutinin of alpha-cells; binds to Aga1p during agglutination, N-terminal half is homologous to the immunoglobulin superfamily and contains binding site for a-agglutinin, C-terminal half is highly glycosylated and contains GPI anchor";"Saccharomyces cerevisiae (baking yeast)";"AGCACAAAAGG";"cgtccattctcatatcttccttatatcagtcgcctcgcttaatatagtcAGCACAAAAGG";"https://epd.vital-it.ch/cgi-bin/get_doc?db=scEpdNew&format=genome&entry=SAG1_1"
"SBK1_3";"SBK1";"SH3 domain binding kinase 1";"Homo sapiens (Human)";"ACCCTGTCTTA";"agtgaactgagatcacgccactgcactccagcctgggtgacagagcgatACCCTGTCTTA";"https://epd.vital-it.ch/cgi-bin/get_doc?db=scEpdNew&format=genome&entry=SBK1_3"
"SCARB1_1";"SCARB1";"scavenger receptor class B member 1";"Macaca mulatta (rhesus macaque)";"CCTGCGTGCGC";"gcggcgccggcgatggggcataaaaccactggccacctgctgggctgctCCTGCGTGCGC";"https://epd.vital-it.ch/cgi-bin/get_doc?db=scEpdNew&format=genome&entry=SCARB1_1"
"SEC1_1";"SEC1";"Sm-like protein involved in docking and fusion of exocytic vesicles; binds to assembled SNARE complexes at the membrane and stimulates membrane fusion; localization to sites of secretion is dependent on SNARE function; interacts directly with essential exocyst subunit Sec6p";"Saccharomyces cerevisiae (baking yeast)";"GACAAAGTAGA";"actagtaagacattgctttgtaagaccttgaaaataattagaatccactGACAAAGTAGA";"https://epd.vital-it.ch/cgi-bin/get_doc?db=scEpdNew&format=genome&entry=SEC1_1"
"SELE_1";"SELE";"selectin E";"Homo sapiens (Human)";"AGCTGTTCTTG";"cacaggaagcaatccctcctataaaagggcctcagccgaagtagtgttcAGCTGTTCTTG";"https://epd.vital-it.ch/cgi-bin/get_doc?db=scEpdNew&format=genome&entry=SELE_1"
"SERPINB2_1";"SERPINB2";"serpin family B member 2";"Homo sapiens (Human)";"GTAACAACTCT";"tgtgggaggggcaaagctgtataaaaccagtcattaccatgtctgaactGTAACAACTCT";"https://epd.vital-it.ch/cgi-bin/get_doc?db=scEpdNew&format=genome&entry=SERPINB2_1"
"set-16_1";"set-16";"SET (trithorax/polycomb) domain containing";"Caenorhabditis elegans";"CAACAGCCGTT";"cagacatgtaacgcttggcaagatgccaaacaaatcgatacgcccttttCAACAGCCGTT";"https://epd.vital-it.ch/cgi-bin/get_doc?db=scEpdNew&format=genome&entry=set-16_1"
"SLC35F6_2";"SLC35F6";"solute carrier family 35 member F6";"Homo sapiens (Human)";"AGTAGCTGGGA";"acaacctctgcctcccaggttcaaatgattctcctgcctcagcctcccgAGTAGCTGGGA";"https://epd.vital-it.ch/cgi-bin/get_doc?db=scEpdNew&format=genome&entry=SLC35F6_2"
"SSE1_1";"SSE1";"ATPase component of heat shock protein Hsp90 chaperone complex; plays a role in determining prion variants; binds unfolded proteins; member of the heat shock protein 70 family; localized to the cytoplasm; deletion results in spindle elongation in S phase; SSE1 has a paralog, SSE2, that arose from the whole genome duplication";"Saccharomyces cerevisiae (baking yeast)";"AAGCAAAAAGT";"tcttataactcagttagttctgattcttatttttaacctcgatagccatAAGCAAAAAGT";"https://epd.vital-it.ch/cgi-bin/get_doc?db=scEpdNew&format=genome&entry=SSE1_1"
"STE2_1";"STE2";"Receptor for alpha-factor pheromone; seven transmembrane-domain GPCR that interacts with both pheromone and a heterotrimeric G protein to initiate the signaling response that leads to mating between haploid a and alpha cells";"Saccharomyces cerevisiae (baking yeast)";"ACCGTTAAGAA";"ttcttttcacctgctctggctataattataattggttacttaaaaatgcACCGTTAAGAA";"https://epd.vital-it.ch/cgi-bin/get_doc?db=scEpdNew&format=genome&entry=STE2_1"
"STE3_1";"STE3";"Receptor for a factor pheromone; couples to MAP kinase cascade to mediate pheromone response; transcribed in alpha cells and required for mating by alpha cells, ligand bound receptors endocytosed and recycled to the plasma membrane; GPCR";"Saccharomyces cerevisiae (baking yeast)";"AATTAAATTTG";"ttgtgcagtattcacatattctattttattgctttttaactttagaggcAATTAAATTTG";"https://epd.vital-it.ch/cgi-bin/get_doc?db=scEpdNew&format=genome&entry=STE3_1"
"STM1_1";"STM1";"Protein required for optimal translation under nutrient stress; perturbs association of Yef3p with ribosomes; involved in TOR signaling; binds G4 quadruplex and purine motif triplex nucleic acid; helps maintain telomere structure; protein abundance increases in response to DNA replication stress; serves as a ribosome preservation factor both during quiescence and recovery";"Saccharomyces cerevisiae (baking yeast)";"AAGAAAGCATA";"tttctcttccccccacagtattcttttagaggtgaagtagaaataaaccAAGAAAGCATA";"https://epd.vital-it.ch/cgi-bin/get_doc?db=scEpdNew&format=genome&entry=STM1_1"
"SWF1_1";"SWF1";"Palmitoyltransferase that acts on transmembrane proteins; including the SNAREs Snc1p, Syn8p, Tlg1p and likely all SNAREs; contains an Asp-His-His-Cys-cysteine rich (DHHC-CRD) domain; may have a role in vacuole fusion";"Saccharomyces cerevisiae (baking yeast)";"AACAAACAATG";"acttcattatgcctccaaagaagatatctttgtctcctaacatgaaaagAACAAACAATG";"https://epd.vital-it.ch/cgi-bin/get_doc?db=scEpdNew&format=genome&entry=SWF1_1"
"SWI3_1";"SWI3";"Subunit of the SWI/SNF chromatin remodeling complex; SWI/SNF regulates transcription by remodeling chromosomes; contains SANT domain that is required for SWI/SNF assembly; is essential for displacement of histone H2A-H2B dimers during ATP-dependent remodeling; required for transcription of many genes, including ADH1, ADH2, GAL1, HO, INO1 and SUC2; relocates to the cytosol under hypoxic conditions";"Saccharomyces cerevisiae (baking yeast)";"AAGGCGCGATA";"cgaaaacaaactatatcagatacgcaagaggaatgtgtaaaggccatgcAAGGCGCGATA";"https://epd.vital-it.ch/cgi-bin/get_doc?db=scEpdNew&format=genome&entry=SWI3_1"
"TDH1_1";"TDH1";"Glyceraldehyde-3-phosphate dehydrogenase , isozyme 1; involved in glycolysis and gluconeogenesis; tetramer that catalyzes the reaction of glyceraldehyde-3-phosphate to 1,3 bis-phosphoglycerate; detected in the cytoplasm and cell wall; protein abundance increases in response to DNA replication stress; GAPDH-derived antimicrobial peptides secreted by S. cerevisiae are active against a wide variety of wine-related yeasts and bateria";"Saccharomyces cerevisiae (baking yeast)";"ATCAAGAACTT";"gagatttgtagtacagttctattctctctcttgcataaataagaaattcATCAAGAACTT";"https://epd.vital-it.ch/cgi-bin/get_doc?db=scEpdNew&format=genome&entry=TDH1_1"
"TEF1_1";"TEF1";"Translational elongation factor EF-1 alpha; also encoded by TEF2; functions in the binding reaction of aminoacyl-tRNA (AA-tRNA) to ribosomes; may also have a role in tRNA re-export from the nucleus; TEF1 has a paralog, TEF2, that arose from the whole genome duplication";"Saccharomyces cerevisiae (baking yeast)";"ATAGCAATCTA";"tcttgttctattacaactttttttacttcttgctcattagaaagaaagcATAGCAATCTA";"https://epd.vital-it.ch/cgi-bin/get_doc?db=scEpdNew&format=genome&entry=TEF1_1"
"TEF2_1";"TEF2";"Translational elongation factor EF-1 alpha; also encoded by TEF1; functions in the binding reaction of aminoacyl-tRNA (AA-tRNA) to ribosomes; TEF2-RFP levels increase during replicative aging; may also have a role in tRNA re-export from the nucleus; TEF2 has a paralog, TEF1, that arose from the whole genome duplication";"Saccharomyces cerevisiae (baking yeast)";"AACGAACTATA";"cccttcaaggtttttttttaaggagtacttgtttttagaatatacggtcAACGAACTATA";"https://epd.vital-it.ch/cgi-bin/get_doc?db=scEpdNew&format=genome&entry=TEF2_1"
"TERT_1";"TERT";"telomerase reverse transcriptase";"Homo sapiens (Human)";"GAGTTTCAGGC";"cccagcccctccccttcctttccgcggccccgccctctcctcgcggcgcGAGTTTCAGGC";"https://epd.vital-it.ch/cgi-bin/get_doc?db=scEpdNew&format=genome&entry=TERT_1"
"TIR1_1";"TIR1";"Cell wall mannoprotein; expression is downregulated at acidic pH and induced by cold shock and anaerobiosis; abundance is increased in cells cultured without shaking; member of the Srp1p/Tip1p family of serine-alanine-rich proteins";"Saccharomyces cerevisiae (baking yeast)";"AAGAAAATATC";"gttagcttgaaatcagcttgcttttctcctctaaattacataaaaaaccAAGAAAATATC";"https://epd.vital-it.ch/cgi-bin/get_doc?db=scEpdNew&format=genome&entry=TIR1_1"
"TPI1_1";"TPI1";"Triose phosphate isomerase, abundant glycolytic enzyme; mRNA half-life is regulated by iron availability; transcription is controlled by activators Reb1p, Gcr1p, and Rap1p through binding sites in the 5' non-coding region; inhibition of Tpi1p activity by PEP stimulates redox metabolism in respiring cells; E104D mutation in human TPI causes a rare autosomal disease";"Saccharomyces cerevisiae (baking yeast)";"AACTACAAAAA";"tcaatctttttcaattttttgtttgtattcttttcttgcttaaatctatAACTACAAAAA";"https://epd.vital-it.ch/cgi-bin/get_doc?db=scEpdNew&format=genome&entry=TPI1_1"
"TSA1_1";"TSA1";"Thioredoxin peroxidase; acts as both ribosome-associated and free cytoplasmic antioxidant; self-associates to form high-molecular weight chaperone complex under oxidative stress; chaperone activity essential for growth in zinc deficiency; required for telomere length maintenance; protein abundance increases, forms cytoplasmic foci during DNA replication stress; TSA1 has a paralog, TSA2, that arose from the whole genome duplication";"Saccharomyces cerevisiae (baking yeast)";"AACCACAACTA";"tgccgaaccgttctcaacgggccttcccctcgttcaattgctcacaaccAACCACAACTA";"https://epd.vital-it.ch/cgi-bin/get_doc?db=scEpdNew&format=genome&entry=TSA1_1"
"UBC_1";"UBC";"ubiquitin C";"Macaca mulatta (rhesus macaque)";"AGTTCCGTCGC";"gcggtgaacgccgatgactatataaggacgcgccgggtgtggcgcagctAGTTCCGTCGC";"https://epd.vital-it.ch/cgi-bin/get_doc?db=scEpdNew&format=genome&entry=UBC_1"
"UPK2_1";"UPK2";"uroplakin 2";"Homo sapiens (Human)";"ACTTGCCTCAG";"gcccctcccacccccaggacaaaatcagccaccccaggggcagggcctcACTTGCCTCAG";"https://epd.vital-it.ch/cgi-bin/get_doc?db=scEpdNew&format=genome&entry=UPK2_1"
"urg1_1";"urg1";"GTP cyclohydrolase II";"Schizosaccharomyces pombe (fission yeast)";"ATCAATTGCAA";"atagtatctggaaggctataaataagggaggaaatccatacggttcaacATCAATTGCAA";"https://epd.vital-it.ch/cgi-bin/get_doc?db=scEpdNew&format=genome&entry=urg1_1"
"USP18_2";"USP18";"ubiquitin specific peptidase 18";"Homo sapiens (Human)";"GAGACAGCGCA";"tgaggcaggagaatcgcttgaacccaggaggcggagtttgcagtgaaccGAGACAGCGCA";"https://epd.vital-it.ch/cgi-bin/get_doc?db=scEpdNew&format=genome&entry=USP18_2"
"xbp-1_1";"xbp-1";"X-box Binding Protein homolog";"Caenorhabditis elegans";"CACTTTCCTCA";"cgcgttgcggtcgcgacgcgtttgtcgacgttgctttagcatataccctCACTTTCCTCA";"https://epd.vital-it.ch/cgi-bin/get_doc?db=scEpdNew&format=genome&entry=xbp-1_1"
"YAP5_1";"YAP5";"Basic leucine zipper iron-sensing transcription factor; involved in diauxic shift; YAP5 has a paralog, YAP7, that arose from the whole genome duplication";"Saccharomyces cerevisiae (baking yeast)";"AACTAGCATAT";"aaagtgaagttaaccatattacaacaagttcacacaacataaacagtgtAACTAGCATAT";"https://epd.vital-it.ch/cgi-bin/get_doc?db=scEpdNew&format=genome&entry=YAP5_1"
"ZER1_2";"ZER1";"zyg-11 related cell cycle regulator";"Homo sapiens (Human)";"AGAAGGAACTG";"cggcctcccaaagtgctgggattacaggcgtgagccactgcgctcggccAGAAGGAACTG";"https://epd.vital-it.ch/cgi-bin/get_doc?db=scEpdNew&format=genome&entry=ZER1_2"
"ZRT1_1";"ZRT1";"High-affinity zinc transporter of the plasma membrane; responsible for the majority of zinc uptake; transcription is induced under low-zinc conditions by the Zap1p transcription factor";"Saccharomyces cerevisiae (baking yeast)";"AAGTATAGACA";"ggtatcggctgtcatgatctcatctcttccctatttacaaaaaaactgcAAGTATAGACA";"https://epd.vital-it.ch/cgi-bin/get_doc?db=scEpdNew&format=genome&entry=ZRT1_1"
