"Phage_Name";"Promoter_Number";"Description";"Gene_Locus";"Complement";"Sequence"
"Bacillus phage phi29";"A3";"Bacteriophage phi-29 A3 promoter";"5159---5190";"NO";"GTATCAAGGGTTCACGTGGTATAATTAAGTAG"
"Enterobacteria phage HK022";"pR";"Enterobacteria phage HK022 right promoter";"29150---29185";"NO";"TTGACTGTACTATCAGTTCCGTCATAATATGAACCA"
"Enterobacteria phage lambda";"PR";"Lambda phage right pR promoter";"37988---38023";"NO";"TTGACTATTTTACCTCTGGCGGTGATAATGGTTGCA"
"Enterobacteria phage lambda";"PRM";"Lambda phage pRM promoter";"37940---7975";"YES";"atctataaatagggaacgccactatctaaattgcat"
"Enterobacteria phage Mu";"pMom";"Mu phage promoter of late genes";"35704---35747";"NO";"CAATAACCACACTCAACCCATGATGTTTTTTAAGATAGTGGCGA"
"Enterobacteria phage P1";"pRlfA";"Enterobacteria phage P1 sigma 70 promoter---51685";"51713";"NO";"TTGCAATTAATAAACAACTAACGGACAAT"
"Enterobacteria phage P2";"pF";"Enterobacteria phage P2 late promoter";"17590---7626";"NO";"TAGCCTGACATCTCCGGCGCAACTGAAAATACCACTC"
"Enterobacteria phage P2";"pO";"Enterobacteria phage P2 late promoter";"3092---3127";"NO";"TGGCGGAGGATGCGCATCGTCGGGAAACTGATGCCG"
"Enterobacteria phage P2";"pV";"Enterobacteria phage P2 late promoter";"10272---10308";"NO";"TAGCATAACTTTTATATATTGTGCAATCTCACATGCA"
"Enterobacteria phage P22";"Pr";"Null";"31686---31713";"NO";"TTGACTAAAGATTCCTTTAGTAGATAAT"
"Enterobacteria phage P4";"psid";"Enterobacteria phage P4 late promoter pSid";"9522---9557";"NO";"TCGTGTTGTTGTCCGGTGTACGTCACAATTTTCTTA"
"Enterobacteria phage T7";"A1";"T7 major early promoter for host RNA polymerase";"462---498";"NO";"TTGACTTAAAGTCTAACCTATAGGATACTTACAGCCA"
"Enterobacteria phage T7";"A2";"T7 major early promoter for host RNA polymerase";"589---626";"NO";"TTGACAACATGAAGTAACATGCAGTAAGATACAAATCG"
"Enterobacteria phage T7";"A3";"T7 major early promoter for host RNA polymerase";"714---750";"NO";"TTGACAACATGAAGTAAACACGGTACGATGTACCACA"
"Enterobacteria phage T7";"C";"T7 minor early promoter for host RNA polymerase";"3078---3113";"NO";"TTGACGCAATGTTAATGGGCTGATAGTCTTATCTTA"
