"Start";"End";"Strand";"Gene";"Sigma_Factor";"Score";"Sequence"
11874;11954;"+";"dnaK";"Sigma54";"0.98500";"CTTTTTATTACAATTTTTTGATGAATGCCTTGGCTGCGATTCATTCTTTATATGAATAAAATTGCTGTCAATTTTACGTCT"
41930;42010;"+";"fixA";"Sigma54";"0.97326";"ATGAGTTAATTCCACTGTGAAAACGAATATTTATTTTGCGTTCCCGTTTGTTTTATTTTTGTTAACATTTAATATAATTAT"
83991;84071;"+";"leuO";"Sigma54";"0.98499";"TTATATGTTTTGCGATTTTTTTTGATATTGATTTGGTGAATATTATTGATCAATTAATGTTAAGAATTAATGCATTAAATA"
85351;85431;"+";"ilvI";"Sigma54";"0.98609";"TTCTGCATTTTTTATTGAATGTAGAATTTTATTCTGAATGTGTGGGCTCTCTATTTTAGGATTAATTAAAAAAATAGAGAA"
237202;237282;"+";"yafT";"Sigma54";"0.98654";"AATTTATATTGATTAAATGAATGTATATTTCAAATTGATTTTGTTTGTTATTATTTAAGTGAGGTATATAATTAGAGTCCG"
238479;238559;"-";"ykfM";"Sigma54";"0.98628";"GACTACCTTCGTTTTTTTGATTAAGAATGATTTTATTATCGTAAGTAAAATTACATGAATATTTAAAAAGGAAAACGACAT"
252646;252726;"+";"yafP";"Sigma54";"0.98701";"AACCAAATGCATAAAATTGGGAAAATGGCAGAAGCGTTTCGCATGCGTTTTTGAATTTATATTATGAATAACATACAAATA"
320064;320144;"+";"rclR";"Sigma54";"0.98557";"ACATTTCTTCACAACGCTTGATATTTTGTCTTATCGTCTGATATTTTCTTTTTCTTAATCAGAATCACAAAACAAAAATCA"
321157;321237;"+";"ykgE";"Sigma54";"0.98495";"AACGGTGGTTTGGGCTTTATATATTTTTTCTGATGGACTCTAGCTCAGTTTTTAAATAAAAATGCAAACTAAATTGCTTCA"
384996;385076;"+";"tauA";"Sigma54";"0.97525";"TTGATATTGATAGAAATAATGAAGTAATAAATCTCGTAATGTGGTTGTTTATGCATCACTAAAATGAAGTGTAGTAATTTT"
389890;389970;"-";"insF1";"Sigma54";"0.98704";"TTAATCTTTATTTATAGCTGTTGGTTATTATTTTTTGGAGTTTGGTTGCGCTGCTATAAATTGAATAATTAAAACTTTGTT"
446718;446798;"-";"cyoE";"Sigma54";"0.96383";"GTAAACATGCGGATTTTTTAGTAAATATTTCGAGAGGGATATGTTTCTAATGCTAAGAAAAAAGGTGCCGTAGCACCTTTT"
523162;523242;"+";"rhsD";"Sigma54";"0.98669";"GTGAAAAATATATAAATACATTAGCTGGTCTTGTGTGTCATTTTATTTTTTTTTGTTGCTAACACAGGGATATGAACAATA"
528675;528755;"-";"mnmH";"Sigma54";"0.98421";"AATATTTATTTTTGCTATTATAATCATTGTTGTTTTATGCGTAATTACTTATCTTTATTTATACAAAGATGAATCTCTTGT"
568779;568859;"+";"ybcK";"Sigma54";"0.98626";"GCAATACGATTATTGTTGTATATTCAAGATAATGTGACCTTAATTGTCTTTTTAAATAAAAAATAAACAAAAATTATATCC"
583443;583523;"+";"appY";"Sigma54";"0.98907";"TAGTGAGTTTATGTTAATAAAAAGCATAGTAAGCGTTGAAAAATGTAACTTTGAAATAAGTTAGAATAAAAAACAACATAC"
618072;618152;"+";"fepE";"Sigma54";"0.98455";"AATAATTATGGGTTTTTTATTTGTTTGATTTATAGGTTTGATGAATATTTCTCTTAAATAGAGTGAATGTTGCATTCAGTG"
636782;636862;"-";"ybdO";"Sigma54";"0.98140";"ATAGGAAATGTAAAGCTTTATTGAAGGTAACGGATGTTCTAGTTTTATCTCTTTTAAGTTAAGAAAGTCACGGTAGGAATT"
652029;652109;"+";"citA";"Sigma54";"0.98772";"ATTTCACATAGAGTTAGTGGTTTTTTATTTATTTAATGATTTTAAGTTTTTTAATTAATGTAATTACGAAATGACTCGCAG"
679374;679454;"+";"ybeU";"Sigma54";"0.98435";"AATTGCGAATATATACATTAATTTTTTATTCATGTGTGAATGCTTCGATTTTCTTTTTATTTTGAAAGCGTCAAGTTTATA"
720899;720979;"-";"kdpE";"Sigma54";"0.97687";"AATAAAAAATGATCAATCTTAATTTATTTAATGATGAGCTTTTTACTCAGTAATATAAAATATTGAATTGTTATTTTTGTG"
738025;738105;"+";"ybfD";"Sigma54";"0.98299";"TTACCTGAAGCTGTTTTTTATTGCTTATACATGATCAAATACTTCTTACATAATTAAGGAGAACAAAATGGAACTTAAAAA"
753061;753141;"-";"gltA";"Sigma54";"0.98273";"TTTTAAATATCTATATAGGTCTGTTAATGGATTTTATTTTTACAATTTTTTGTGTTTAGGCATATAAAAATCAACCCGCCA"
770809;770889;"+";"cydA";"Sigma54";"0.98383";"ATGTGGCTTTATTTTTAACAAAATAATAACCCTGGGTGAGTTAATTATAATATAATTATAAGTTAACTAAATGTTAATATT"
820720;820800;"+";"ybhM";"Sigma54";"0.98483";"AAGTATTTTGTATGCGTGGTTTTAAATTTATTGATGGTGAATATTAATATTTTTTCTAAGGATAACTAAAAGAATGGAATC"
884813;884893;"+";"mdfA";"Sigma54";"0.98263";"AATCTCTTCAACCTTGTCAACGGAATTTTGTGGCTGTCGCTGATGGTTATCTTTTTAAAAGATAAACAGATGGGAAATTCT"
1103437;1103517;"+";"csgB";"Sigma54";"0.98597";"TTAAGTTTAGAAATGATAGAAAAGTTGTACATTTGGTTTTTATTGCACAATTTTAAAAAATCATACAAATGGTGATAACTT"
1103733;1103813;"+";"csgB";"Sigma54";"0.98681";"AAAATATTTTTTTGCGTAGATAACAGCGTATTTACGTGGGTTTTAATACTTTGGTATGAACTAAAAAAGAAAAATACAACG"
1121124;1121204;"-";"dinI";"Sigma54";"0.98814";"ATTCATATTTTTTTAGCATATTGTGCAATTATTTTGAGGAAGTGTAGAAATTTTGTACTCAAAATTCGTAAGTAAAATAAA"
1212184;1212264;"-";"ycgX";"Sigma54";"0.92680";"AGCAATAAATTATTGACTTCGTTTTAGATTTGTTTAGCTATAATGTTATACATTCAAATGACTGAACATCCTGTAATTAAA"
1300780;1300860;"+";"oppA";"Sigma54";"0.95315";"TTTGATTGAATTGAAAGATGTTTGTTAAGGCATGGATGCAAGCTATAGATTCTGATACGGTCAATAAAAGAGAATTGCTTA"
1316216;1316296;"-";"trpA";"Sigma54";"0.98376";"GAAAATTATTGATTTTACTGGTGTTATGTTGCGGGATTAATTTGTTTGATTATATTACTGTTGGGCGGAAAAATGACGTAA"
1424005;1424085;"+";"trkG";"Sigma54";"0.97672";"TAATTGTAATGTTTTGGATTTTGTTTTCTGTTATTAGTGCATTCCCTTTATGGATTGACTCAGAACTTAATTTAACGTTCA"
1434848;1434928;"-";"uspF";"Sigma54";"0.98564";"GGCAAAAAAAGAGTGGATTATCGTAGCTTATTGTTGTCGCTGATGATATTTAACACATTGAAAAATAAGTAAAATACTTAT"
1465141;1465221;"-";"ynbG";"Sigma54";"0.98572";"TCATACCGTTTTTTCATCATATAATTATTTATAATGAGAATGTGGTTTTAATTTGTAATTTATATTATATACACAATTTAT"
1527065;1527145;"+";"yncH";"Sigma54";"0.98390";"TCTCAAAATGTTTTTAATGATGGATATGCTCGGAGTTGGAGATGCAATTAATATTAATACAAATAAAAATATCCGGCAGGT"
1527231;1527311;"+";"ydcD";"Sigma54";"0.98513";"AACAGCAATTGATTAATAAACATGTTGATTTATTCAAGAAAATGGATGTATTTTAAATGTTGATTCTTAATATAACCTAAT"
1572293;1572373;"-";"pqqL";"Sigma54";"0.98730";"TAAAATATCACTATTAGTACTTGATTATTATTTTGAACGCATTTATAAAATTATTACATAAAAATAGCGAATATTGCTAAA"
1583719;1583799;"-";"safA";"Sigma54";"0.98088";"GATACTTTTTTAACATTTCATATTTATAATTTGCTGTTTGTTTTCAGCCTTGCAAACTATTGATAATGAAATGTGTAAGAT"
1598288;1598368;"-";"lsrK";"Sigma54";"0.98319";"AGTTATTGTTGCTTAATAAGAAAACTGTTTCTTTCAATAGGAAAATTATCATCATCATATTTAACAAAGAATAGCACTAAT"
1621234;1621314;"+";"ydeE";"Sigma54";"0.97618";"TTAATGCGCAAATAAGTCGCTATACTTCGGATTTTTGCCATGCTATTTCTTTACATCTCTAAAACAAAACATAACGAAACG"
1623975;1624055;"-";"ydeI";"Sigma54";"0.97029";"CAAAATCAGCGGATAAAAAAGTGTTTAATTCTGTAAATTACCTCTGCATTATCGTAAATAAAAGGATGACAAATAGCATAA"
1640968;1641048;"-";"cspB";"Sigma54";"0.98798";"TAGCCTGATTGATTTTATTAGTAACAAGTATTTTTTATATTTTAATAATATATTTAAAGCAGATAATAAAAAACCCGCCTG"
1754689;1754769;"-";"ydhZ";"Sigma54";"0.98265";"CAATTAAAATTACAAAGCAAGAAATTATAAGTGAACTGATATTTATTATCATTTGAAATAAATTTAACTTAAGCGACAATT"
1863766;1863846;"+";"yeaD";"Sigma54";"0.96041";"AGTTGAGATGACACTGTGATCTAAAAAGAGCGACTTCGGTCGCTCTTTTTTTTACCTGATAAAATGAAGTTAAAGGACTGC"
1893668;1893748;"+";"yoaC";"Sigma54";"0.96675";"ACCCGAAGTATAAAGTTGAAATTAAGATTGTGGCTGCGGTGTAAGCTTTATCGAAGCAAAATAAGTCAGACGATAATTTAT"
1893816;1893896;"+";"yoaC";"Sigma54";"0.98665";"ATTCATTATTTATATTTATAATTTCAATTTTATCTATAAAACTAACTATATAAATAAACATAAACATGCCGTTGTGTTCGC"
1946091;1946171;"-";"yobI";"Sigma54";"0.98464";"GCACAGTATAATTTATTCTACAGGTTATATTGGAAGCAAATATTTTAATATTACATATTCAGTGAAGAAATGCGTAATAAA"
1979585;1979665;"+";"uspC";"Sigma54";"0.98560";"TCTTATAATTACATTTGAAATTATATGATCACCGGGAGTGATTGATTAATTATCTTTACTAATAATCAGACTAATATTTAC"
1988598;1988678;"+";"ftnA";"Sigma54";"0.98490";"GTTTTATTCCCATTCGTATTTTTAATAATTGAAGTTTATATTTTACCTTTTGCAAATAATAAAATAACAAATTATAGTGAC"
2012344;2012424;"-";"fliE";"Sigma54";"0.96222";"GGAAACATTTACACTCCTGTTTAATAAATTATATTGCCCAGGGCGCATTCTAAAACACAATAAAATTACCACTATCAAAAA"
2033563;2033643;"+";"hchA";"Sigma54";"0.98601";"AATCGTTTTGAGCGATTTTATTTATCTTTGATATCGGCTTTATTAATTCATTTAATCAATATATTAGCACTGATTACAATT"
2033831;2033911;"+";"hchA";"Sigma54";"0.98883";"GATATACATTTATAATTTTCATGAATATTTATATTTAGAATTCATAATTATGAATTATATTAAATAGATTAGAAACATTTT"
2033961;2034041;"+";"hchA";"Sigma54";"0.98507";"CTTCATAGAATAGTATCCAAATGTGCTTTTTTTTGGATAACGGCACTTATTGATATATTCATGAAGATTATAATCACAAGG"
2041885;2041965;"+";"zinT";"Sigma54";"0.98640";"CCACGAAAATCATCTCATTTTCACATTTTTATGGGTAATGATTCACAGCAATCTTTATTAAATGAAATGGAAAACTGGCCA"
2052019;2052099;"+";"shiA";"Sigma54";"0.92412";"CCGTTATAATTTCTTAAAGAGTGTTCCATTCGGGGCACTCTTTTTTACATTCCCTCTACAGAACTAGCCCTTCTCTCACAG"
2056705;2056785;"+";"yeeN";"Sigma54";"0.98880";"ATAAGTTTTTATAAAATTAAATATAAGATTATGGCTTTAGAATATTTTTATTTCTAATAGACGAGATTTTTCCTGTTATGA"
2057567;2057647;"-";"yeeO";"Sigma54";"0.99073";"ATCTCTAATTATCTTTTAAAGAAATCTGTCTTTACGGCAGATTTCTTTAATCTCATATAATTCTTATAAAAAATATAATAT"
2068506;2068586;"-";"insD1";"Sigma54";"0.98360";"TGATTAAGGTCAAAAATGTTTGATATTTACAATTTATGAAGATGACAATAATTATAGATATATGAGAACATAAATGAAAAT"
2085595;2085675;"-";"plaP";"Sigma54";"0.95083";"AATTCTCTAAATTAGAACAAATGGTTATTAATGAGGAGTTCGATACAAAAGAATAAAAAAACCGGAGCCAAATGTTCATTC"
2106107;2106187;"-";"wbbH";"Sigma54";"0.98440";"AAAGAGTTATTTGTATCCAACTGCTAATATTAGTCATGAAGCTTTCATGATAAAAAATGAAAGAAAAGGTATAAATAAAAT"
2106676;2106756;"-";"wbbH";"Sigma54";"0.98594";"AAGATGAATACAATAAAAACAAGTAAAGTAAATGTTTTACTTACCTTTGTATTAGTAAATTTTTTAGACCAAATAAATAAA"
2109550;2109630;"-";"rfbC";"Sigma54";"0.94552";"ACGTTTCTTCTTAAAGATAATTTATTCGTATTCATGCAATTAATTTTAATCTGATAAGCTCATCTAACGTAAAGAGCCTTT"
2150957;2151037;"+";"yegJ";"Sigma54";"0.98694";"GATGTAAATACTTTTATATTTGTTTTCATAATATTTCGCGGGTAGTTATATTATATTTCAATGAATAATAACAACTAACCA"
2178746;2178826;"+";"yegT";"Sigma54";"0.98224";"AAGGTATTTAAAAGGTATTATTAAGTGGTATTGTCATCGCGTACCTTACATTACCTGTCATGAAGGAATTAAAAGATGAAA"
2192225;2192305;"-";"yehE";"Sigma54";"0.98614";"TATGTTCCTTAATAAAATTTATTTTTGGTTGTTAAGAGTCTGTATCTCTTGGAAACAAATTTCTCACATCAAAAAAGTTGC"
2229003;2229083;"-";"dusC";"Sigma54";"0.98389";"GTATTGATTATTTTCCTGATTGGGCTACTGGTGGTGACTGGCGTATTTAAGATGATATTTTAAAATTAATTAATGTCATCA"
2344365;2344445;"+";"nrdA";"Sigma54";"0.98409";"GAATAATTTTCTTATAATATAAGGTAAATTAACAAAATGGCTTAGCATTTAACAATAACCGAATAGAAAACAACCATTTCG"
2379300;2379380;"-";"menF";"Sigma54";"0.98244";"CTACAAAAATAGATTATTGATATGAATCGGTAATGATGCGACTCATTACTATTCCATTTGTAATAAAGTACGCAGCCCTGC"
2385861;2385941;"+";"yfbL";"Sigma54";"0.96170";"TGAAAAAAATAATCTTTGCTTTTATTATATTATTTGTGTTTTTACTCCCTATGATTATTTTTTACCAACCCTGGGTCAATG"
2386770;2386850;"+";"yfbM";"Sigma54";"0.98583";"ATTATCAGAAAATGGCTCAGGTAGTGGATGGTGTTATAACTTTGTTATACAACAGTAAATAATAAAAATTTCTCGAGGCGG"
2455834;2455914;"-";"sixA";"Sigma54";"0.98221";"CTAATGAGTAAATGTAGATTTAATTAATATATTGATAGGGGAAAGATTATCTTAAGGATCTTCTAAAAAAACACGAAATAT"
2469138;2469218;"+";"gtrS";"Sigma54";"0.98327";"AAGCAATAAAAGTATCATTGTATATATCTTTTGTTTTGATTATTTGCGCCTTATCTAAAAACATAATGATGTTAAATACAT"
2469411;2469491;"+";"gtrS";"Sigma54";"0.98723";"TGTTATCGTTATTTCTAAAAGTAATATATATTTATTCATTATATGCGATATTTACTTCATATATAAAAACAGAAAGGTATG"
2470197;2470277;"+";"gtrS";"Sigma54";"0.98770";"AAAACATTAGATTTATATCATTGTTATTATTTTTTATTGCTTCTATTTTTATTAGAAATAATAAAATAAAGGCATCTTTAT"
2474974;2475054;"+";"yfdR";"Sigma54";"0.98720";"GGAGAACAAAATGTCATTTATTAAAACTTTTTCCGGGAAGCATTTTTATTATGACAAGATAAATAAAGACGACATCGTGAT"
2774340;2774420;"+";"yfjW";"Sigma54";"0.98238";"TTTCGCATTTATGCCAATAACAACGAATGGTATTTTACATGATTATACATACGATATAATAATAAATGATAAAAAATATAA"
2774734;2774814;"+";"yfjW";"Sigma54";"0.96998";"TTGTCGTTAAGGCCAGAATCGGAGATTATTATTTCTGAAGGGAGTTTGTATGGACTAGTTAATAAAAGCAAAAAAATCAAA"
2774911;2774991;"+";"yfjW";"Sigma54";"0.98697";"TCTATTATGGATATATTAAAGTATATATTTGGTTTAGGTCTGCTAGCAATTTCTATAAAATTCATTCATTCTTACTTTAAG"
2785132;2785212;"+";"csiD";"Sigma54";"0.87637";"ACTTTTAATTAAATTAGCACAGGAATGTTAAATTTAATAAACAAAAGGTTATTTCGCTGTATGATAAAAAAAACCGTTATA"
2825754;2825834;"+";"srlA";"Sigma54";"0.96108";"AACACTTTTAAATCTTTCAATCTGATTAGATTAGGTTGCCGTTTGGTAATAAAACAATAAATCCTGAAGGAGAGAACAATG"
2884366;2884446;"-";"ygcB";"Sigma54";"0.98217";"TATTATTAAAGAAACTTTTAGTTATAATAATTACCATGAATTTTATTACATAAAATATTCATACTGTGAATATAAAATCTC"
2905630;2905710;"+";"ygcG";"Sigma54";"0.96856";"TATTAGTTTTTAATGATAACGAATATAAAATTACCGATGCCGCCGTCAATTTATTTATCCAGATTTAATGAGAAATTTATA"
2989320;2989400;"+";"yqeJ";"Sigma54";"0.98636";"AAAACTTATTATTTATTTTAGTTTTTATCAGTGGGTTTATTCTCTTCACTGTCTATTCTTACACTGCAGAAAAAATGATAT"
2990797;2990877;"+";"ygeG";"Sigma54";"0.98930";"TATAAATTTTCGATAACAGATGATTTAATGAGTATGGCTGTAAATGAACTCATAAAACTGACCAAAATAGAGAATAATGTA"
2991089;2991169;"+";"ygeG";"Sigma54";"0.98508";"TTAGTAAAACAACTAATGATGTTATTAGTTTGTAGTGAACAGTACTTTTACCAATAATGAAAAATATACCATAAGCAATGC"
2993468;2993548;"+";"ygeI";"Sigma54";"0.98677";"TAAATTTTTATTGACGCAATTTTATTATTTAGATGTATGCAACTTGTTATTTAAACAACAGAGATAAAAATATCTAAGATA"
2995619;2995699;"-";"insD1";"Sigma54";"0.97461";"TAGGTATATGGAGATTTACAGGACCTGATATTGATGGTAATTTTGTTACCCAACTTTCAAAAATTTTGATAAAAACATCAA"
2998888;2998968;"-";"ygeR";"Sigma54";"0.97593";"AATAAGGTGTTTTACCTGGGTTGTTACAAAAGGATTGCATTGCGTAAACGCTTTTTATTTACAACAAAATGGGGAAGTATT"
3043210;3043290;"-";"yqfB";"Sigma54";"0.96652";"CCAGTGAACACCTGTTAGCTAAAATAAATTCTGATTTGAGACTAATCTCCTAAAAATCATGAAATTAAATGCGAAATTTCA"
3119234;3119314;"-";"glcA";"Sigma54";"0.96812";"GTGAAATTTATAAGAATAACCCCTATACGATGTCTATCTGGCTATTTTTACGAAATTTCAACAAACAAAAAATTAACAACA"
3136455;3136535;"-";"gss";"Sigma54";"0.98550";"TTAACGATAAAAAGAGTGTTATTTCTTGTGTATCAGACAATAAGCATTCATTCAAAACCTTTAGAAATAATCAAAACACAG"
3185245;3185325;"+";"ygiL";"Sigma54";"0.98747";"ATTGAAAGTATAATTGCAATGTATTTTTTAAGTTTTACTTAATCGATATTTAGATAAACTAATTTTATAAAAAACACAAAA"
3252727;3252807;"+";"yhaI";"Sigma54";"0.96314";"TGAATAATTTACTAATGTTTATTTAAAATATTTCAATGTCGTTATATAAATTACCTATAAAAAATAACCATGTATTTATCT"
3269157;3269237;"+";"yhaC";"Sigma54";"0.98454";"AATTAAAAATTATGAGATTTGCAATTATAAAATCTATACCAAGGGCAACTCTTACAGATAAATTAGAAAATGAATTAACAA"
3277572;3277652;"+";"yhaV";"Sigma54";"0.99013";"AAAATAAAGACTGGTCACGGGTAAAATTTGGTGCTGGTCGTTATCGTCTCTTCTTTCGTTATAGTGAAAAAGAGAAAGTCA"
3361090;3361170;"+";"gltF";"Sigma54";"0.98707";"TTATTTATTTACATTCACAAACAGATATATATACTGCTTCAGCTTTTTATTTTAAAAAATAAATTTGTTATTAAGGATATG"
3413689;3413769;"+";"acrE";"Sigma54";"0.97502";"AGTAGAATATTAATCTTTTTTTGTGTTTATGTGCCTTGAGATGCCTGTATTCATAACTATTCCTTACATCGACGAATGATA"
3496930;3497010;"+";"nirC";"Sigma54";"0.98459";"CTTCGGTATATTGCAGGACATTTTTTAAACTTTTTGTTTTATTTTTTGTTTTTATTTTTTAAAGGATAATCAAATGTTTAC"
3597849;3597929;"+";"panM";"Sigma54";"0.99165";"TTCTCTAATGTTTTAATTTTGTAATTATTGCTGTTAAAAAATTAATCACCTGCCAAAAGAAATAAAAAAGAGAAAGCCTCC"
3623404;3623484;"+";"yhhH";"Sigma54";"0.97789";"TGCAGAGTTCATGGTAATATGTAAAAAAATATTGTTTAGGAACTGTGTCATTGTATCTTTGTTTGTTTTTACATACAACAC"
3650944;3651024;"-";"insH1";"Sigma54";"0.98096";"GTGGTTTACACAACAAATTATTAAATAATTATAAGATACCTTAACCCATTTTATTATTACACATCTAAAACATCACAAAAA"
3653912;3653992;"+";"slp";"Sigma54";"0.97987";"TAAAGAAATATCTATTATGGTTTTAATATTTGTTGATAAGGATAGTAACATGAACATGACAAAAGGTGCACTCATCCTCAG"
3667649;3667729;"-";"yhjA";"Sigma54";"0.95850";"TACAGGCTTAATTTAAATAACAAAATCCTAAGCAGAAAAACGACTTTTTATAATATAAACATTTAACATGATAATATTAAA"
3672069;3672149;"+";"yhjC";"Sigma54";"0.98156";"ACTATTTAAAACAATTTTGAGGATTTCCTTATATTGGTGGTTAGTACGCATGCAATTAAAAATGAAATTCCGCGACCACAA"
3674708;3674788;"+";"yhjE";"Sigma54";"0.98659";"GCGATTTGTTACACATTGAAATATCACTTTTGCTGTGCGTAATATGGCTATTCGTTAGCCAAAAAATAAGAAAAGATTATG"
3751954;3752034;"+";"yiaU";"Sigma54";"0.98458";"TAGTAATATATAAAATTATATATAATTGGGCTGTTGCGATGACAAAATTACAACTTAAGTACCGGGAGTTAAAAATTATCT"
3757959;3758039;"-";"selB";"Sigma54";"0.98499";"TTTTTAAATTCATAAGAATTTTGTATTAATTTATTTTAAAACTTAATTAATCATTTCCTTATTTTTCCGGAAATAATAATG"
3767830;3767910;"+";"yibG";"Sigma54";"0.98890";"CTAATTAAATTTGATGGGAATTATAAAGATGGGATGACAGTTTGGTTATTTTCTTGTAATACAGGTAAAGGACAAAATTCA"
3768183;3768263;"+";"yibG";"Sigma54";"0.97281";"GCATGCTTGTTACTATTTTTTTATTTCTCTTTTATTTGTCAATTGCATGGTGCTGATGTGAAAATAAAACAAAACGAAAGT"
3768497;3768577;"+";"yibG";"Sigma54";"0.98046";"ATCAGAATATTATAATTTGAATAGAGCTATTTATTGGATGGAATTCGCTGTAAATAACGGTAATATTGATGCAAAGAGCAA"
3769647;3769727;"-";"yibH";"Sigma54";"0.98223";"TAAAATAAAAGATAAGAATAAAAAAAATCATTGATATAAATTCAGTTAATATTTGTAGTGATGATAAAAATATAAAATTGA"
3769786;3769866;"-";"yibH";"Sigma54";"0.98041";"ACTTAATTTTATTTAAAAATATATTAATAACTCACTCTCCAGGAGTTTTTTTAACTTAGTTTTATAATGAATACGATAATT"
3797082;3797162;"+";"waaL";"Sigma54";"0.87520";"AATATATAATATCACTGCTATAGTTTGCTTATTGTCACTAATTTTACGTGGCAGACAAGAAAATTATAATATAAAAAACCT"
3797258;3797338;"+";"waaL";"Sigma54";"0.98165";"ATAGTTATTTAAATACTGCCAAAATATTTATATTTGGTTCTTTTATTGTTTTCTTGACACTAACTAGCCAGCTAAAATCAA"
3798197;3798277;"-";"waaU";"Sigma54";"0.94813";"CAATTAATTAAGAATAAACAAGTTTAAGAAGTGAGTTAAAACTCACTTCTTATCTATACAACTTAATCTCTTTACTGAATT"
3799168;3799248;"-";"waaU";"Sigma54";"0.98857";"TATCATGAATAATAAGGCATGATTTAACTTGTGCTGGATCTGTAATTTGATTATTTATTTTATTACGAAATAAAAAAGAAA"
3799456;3799536;"-";"waaZ";"Sigma54";"0.95398";"AGAAATAGCTGTATCATCTGATAAATTATAAATATTAATATCTTTTACATTATCATGCATAAAACGAAAAAATGGCAATAT"
3804993;3805073;"-";"waaS";"Sigma54";"0.98454";"TTTTTTTATTAATCCAGTTATATTTTTTTGGTGTTGTTATATTTTTTATCTTGTACTTTTTTTTCAGGTACTGAATCATTT"
3927068;3927148;"+";"asnA";"Sigma54";"0.98766";"TGAGTTAGGCTTTTTATTGAATGATTATTGCATGTGTGTCGGTTTTTGTTGCTTAATCATAAGCAACAGGACGCAGGAGTA"
3950159;3950239;"+";"ilvL";"Sigma54";"0.94826";"AATTGAATTTTTTTCACTCACTATTTTATTTTTAAAAAACAACAATTTATATTGAAATTATTAAACGCATCATAAAAATCG"
4003069;4003149;"-";"yigG";"Sigma54";"0.98654";"CCTGCTTCTCCATCGTTAAAAAAGATAATAAGAAAGGCAAAAATGAAATTTATTAAAATAAATGAAAATATATAACGACGT"
4044043;4044123;"+";"yihF";"Sigma54";"0.98563";"AATTCAATGTAAATTACATAAAGCCCGTGAATATTCACGGGCTTTTTTTATTATTTAATAAATATAAATACATTCTGATAA"
4046702;4046782;"+";"polA";"Sigma54";"0.98324";"TTAGAAAAAATCCCATTATCTCAATTATTAGGGATGGATTTATTTTTAACTGCATGAAAAACAAAGACAAACATCATGCTG"
4069183;4069263;"-";"yihQ";"Sigma54";"0.98027";"GGGTTAAAATAAGACGTTGTTGAAAATGTAGGGTAAAACTGTCGTTATTCTGATGAAATTGAAAATCTAATAACTGTGGAC"
4079260;4079340;"+";"yiiE";"Sigma54";"0.97888";"ATTAATGAGTAATATATGTAAGGTATTGGTAATGGCGATGAATACGGTTTTTCTTCATTTATCAGAAGAGGCAATTAAACG"
4085953;4086033;"+";"fdhD";"Sigma54";"0.98984";"AGGAAGGGTTTGTAACAGAATACCATAATGTTGGTGTGTGTGTTCTTATCTGGTTAAGAGAAAGTGAAAAAAACACAGCGA"
4086903;4086983;"+";"yiiG";"Sigma54";"0.98631";"ATTTTATTATTTTATTTATAAACAAAATGCGTGTAGTGGCGTTTTCTTTTTTCATTTATTATGTTCACTCTCTTATCTATA"
4093012;4093092;"-";"rhaM";"Sigma54";"0.96685";"TTTACTCACAATGTATCAGGGAAATATAACTTACCGGGAGATGTAATATGTTTAATTTTTCAAATCGAAATTTAAAATATT"
4160756;4160836;"+";"fabR";"Sigma54";"0.98171";"ATTACTATGGCATCGTAATCGTAGGAATGTGGCATGGTAGGGCTTACCTGTTCTTATACATAAAAGCAACAGAATGGTAAC"
4235717;4235797;"+";"yjbE";"Sigma54";"0.98586";"TTTTAAGTTTATGATTTTTATTGTTATTTAAATATAAGTTGAAACTTATATTTGATATTCATTCCAATTATCCTAAAACGC"
4242327;4242407;"-";"malG";"Sigma54";"0.98198";"TTATCATTTTTTACAATGCGTTTACGTAATGTCTTTTCTGTGATCTTAATTGTGATAATTATCCAAAATTGATAAAAACAA"
4251488;4251568;"+";"ubiC";"Sigma54";"0.98654";"TTATTCAGATATATTTTGGAATGAAGATCTCGATGGTTATATCAATAACATTATAAAAATGATTGATACATTGCCAGATAA"
4282330;4282410;"-";"yjcF";"Sigma54";"0.98418";"AAATTTGAATAATCAAGGAAGGTATTTTTAATATTGGCTCTATTCATTGTTGCATTGTAGAATTGAACATGCATAGCGGAA"
4313081;4313161;"+";"rpiB";"Sigma54";"0.98815";"TTATAAAGTTTATTTTATTGTGAACAATGGCGAGTGGCTTAAAATTTTATTTCATTTAATTAGTTTAAAAACATGATGTTA"
4338044;4338124;"-";"adiA";"Sigma54";"0.98744";"ACTAATAGTACAAATTTTTATAGTAATTTCTCATGTACATATTTTTTTACAGGATAAATAACAGGCAAAAAAAAGCGCGGG"
4340610;4340690;"-";"melR";"Sigma54";"0.94863";"TTTTGAAATATTTAGTTTTATAAACAATACGTTATGTGATTATTTTAAATTATTTTCACTGCTTATTATCGACGGCTAAAC"
4424839;4424919;"+";"rpsF";"Sigma54";"0.97870";"CTTCTGATTTAATTTTAATCAATGATAAAGAAGTTGATGGTGACCATTTCTGATGCAGTTGTTCAAAAAAACACCATGATG"
4476568;4476648;"+";"yjgL";"Sigma54";"0.98441";"AATGATGTAAGAATACTGGATTGGTGTTTTAATAAAAGCATGCAATATTTTGATGATACTAAAAAGATAAAGCATGCATGC"
4476955;4477035;"+";"yjgL";"Sigma54";"0.97647";"TTACTTAAGAGTTATGAGGGTGAAAAGATTTATTTTGATAATTTAAAATATGATTTAAATGATAATGATAAGGAATCTAAT"
4504118;4504198;"+";"yjhB";"Sigma54";"0.97600";"TGGCTTGGATATGTATTTGATGGCTTTGATTTTATGATGATATTTTACATTCTTCATATTATAAAAGCAGATCTTGGCATT"
4539614;4539694;"+";"fimB";"Sigma54";"0.98795";"AGCTGTATTTTATATTTTTTTGTATAAGGTCTCCTGTGAAAAATCTCTTTTCACATTATTTAAATAAACAGAGATCCAGAT"
4540684;4540764;"+";"fimB";"Sigma54";"0.97996";"AGATTAGTTGCATTAATGATGAGGGTTATTATTAGATTCGTATCCGATTGATAAATATATAAAGGTACATAGCATGCAAGA"
4541619;4541699;"+";"fimE";"Sigma54";"0.98644";"AATGATTAACCATTTATTAATTGATGTTATTGTAAGTGTGATTCTTAATTATCATAATAAACATTAAGTTAACCATATCCA"
4542593;4542673;"+";"fimA";"Sigma54";"0.98611";"ATAATCTCATAAACGAAAAATTAAAAAGAGAAGAGGTTTGATTTAACTTATTGATAATAAAGTTAAAAAAACAAATAAATA"
4556331;4556411;"+";"iraD";"Sigma54";"0.98037";"TTTTATGAGTATTTCACTGATGTTTAGAAAAATAGATAAATTTTTCTGTAGTAAAAAGAGAAGTAAACAAATGACATGCAT"
4556569;4556649;"+";"iraD";"Sigma54";"0.98437";"TAATAATGCCTGTGAATGGTATTTTTGATGTATTTGATATGTTATCAATTTATATTATTTACAAACTAATTGTTTCAAATA"
4571905;4571985;"-";"mcrC";"Sigma54";"0.97602";"ATGTGGAGTGAGGGGGGATATAGATTTATATATAATAAAACGTTTTTATGTTTTTAAATTAAGTTATAAAAATTTTCCCGA"
4579972;4580052;"-";"hsdS";"Sigma54";"0.97871";"GGGCAATTTCTGGAATGATTTAAATATATTTATGTGGGTTATGATTGGCGTGAAATAATAAAAAGCGCACCGGAAAGGTGC"
